Filename,0_12.csv
3278,DROPOUT,DROPOUT,GRADUATE,GRADUATE,1707902672.715532,1707902673.3952472,1707902676.13328
503,DROPOUT,DROPOUT,GRADUATE,DROPOUT,1707902681.6441422,1707902682.1820412,1707902684.953975
