Filename,0_15.csv
2309,GRADUATE,GRADUATE,GRADUATE,GRADUATE,1707903953.6478279,1707903954.141849,1707903983.535674
68,DROPOUT,GRADUATE,GRADUATE,DROPOUT,1707903984.8862689,1707903985.434206,1707903996.0453749
