Filename,0_8.csv
66,GRADUATE,GRADUATE,GRADUATE,GRADUATE,1707834785.9998348,1707834787.564003,1707834873.585022
3151,DROPOUT,DROPOUT,GRADUATE,DROPOUT,1707834879.757896,1707834880.440311,1707834885.944878
2692,GRADUATE,GRADUATE,GRADUATE,GRADUATE,1707834888.0993211,1707834888.7467468,1707834892.06948
