Filename,0_9.csv
1050,GRADUATE,GRADUATE,GRADUATE,DROPOUT,1707835193.536912,1707835194.951937,1707835717.8318279
