Filename,1_12.csv
3224,DROPOUT,GRADUATE,GRADUATE,GRADUATE,1707902575.918873,1707902576.5301912,1707902578.666688
2870,GRADUATE,GRADUATE,GRADUATE,GRADUATE,1707902587.75959,1707902588.390006,1707902591.2924101
