Filename,1_13.csv
2609,DROPOUT,DROPOUT,GRADUATE,DROPOUT,1707902832.3973708,1707902833.173441,1707902837.5602272
2692,GRADUATE,GRADUATE,GRADUATE,GRADUATE,1707902840.379959,1707902840.96065,1707902843.497615
3207,DROPOUT,DROPOUT,GRADUATE,DROPOUT,1707902846.770977,1707902847.286227,1707902849.318937
