Filename,1_15.csv
1833,DROPOUT,DROPOUT,GRADUATE,DROPOUT,1707903755.465881,1707903756.08245,1707903759.854771
