Prolific ID,5999ad2a0ed7ae0001991b57
student_id,target,first_choice,ai_pred,second_choice,time1,time2,time3
tutorial_2309,GRADUATE,GRADUATE,GRADUATE,GRADUATE,1710435885.8034873,1710435889.3544693,1710435931.029306
223,GRADUATE,GRADUATE,GRADUATE,GRADUATE,1710435965.2289052,1710435969.4067774,1710436010.2737353
758,GRADUATE,DROPOUT,GRADUATE,DROPOUT,1710436035.4246597,1710436037.6729422,1710436045.7262387
3988,GRADUATE,DROPOUT,GRADUATE,GRADUATE,1710436082.464411,1710436084.6937194,1710436092.9889414
3576,GRADUATE,DROPOUT,GRADUATE,DROPOUT,1710436105.443004,1710436106.4350398,1710436112.8480923
66,GRADUATE,DROPOUT,GRADUATE,DROPOUT,1710436184.2807288,1710436185.5913851,1710436208.7349913
1409,GRADUATE,GRADUATE,GRADUATE,GRADUATE,1710436226.826794,1710436227.7164934,1710436232.4199424
attention_2309,attention test failed
3369,DROPOUT,GRADUATE,DROPOUT,DROPOUT,1710436252.1170242,1710436252.9766808,1710436259.9588985
3027,DROPOUT,DROPOUT,DROPOUT,DROPOUT,1710436269.2089224,1710436270.0468411,1710436273.9132686
68,DROPOUT,DROPOUT,GRADUATE,DROPOUT,1710436281.699106,1710436282.5976717,1710436286.5202591
2980,GRADUATE,GRADUATE,DROPOUT,DROPOUT,1710436328.3413408,1710436329.1851633,1710436333.4191537
1,31
2,MALE
3,YES,I work with chat cpt to create content
4,9
know,STRONGLY AGREE
fai_5,AGREE
com_1,AGREE
fai_3,AGREE
rel_5,STRONGLY AGREE
rel_2,STRONGLY AGREE
rel_1,AGREE
fai_4,AGREE
com_5,AGREE
com_3,STRONGLY AGREE
fai_1,STRONGLY AGREE
attention test completed
com_2,STRONGLY AGREE
fai_2,AGREE
