Prolific ID,5b3b6b07cf5e6a0001835e98
student_id,target,first_choice,ai_pred,second_choice,time1,time2,time3
tutorial_2309,GRADUATE,GRADUATE,GRADUATE,GRADUATE,1710435396.2249672,1710435398.630372,1710435493.7895844
2609,DROPOUT,DROPOUT,DROPOUT,DROPOUT,1710435559.9622526,1710435563.0481715,1710435588.3485749
4421,DROPOUT,GRADUATE,DROPOUT,DROPOUT,1710435639.972288,1710435642.722301,1710435665.8091042
2692,GRADUATE,DROPOUT,GRADUATE,GRADUATE,1710435706.9816608,1710435708.4834292,1710435731.6860523
758,GRADUATE,GRADUATE,GRADUATE,GRADUATE,1710435758.8153841,1710435760.8668036,1710435769.1394603
262,DROPOUT,DROPOUT,DROPOUT,DROPOUT,1710435806.408812,1710435810.0051057,1710435828.8463423
1042,GRADUATE,DROPOUT,GRADUATE,DROPOUT,1710435865.5846312,1710435868.3621774,1710435881.9182136
attention_2309,attention test failed
3278,DROPOUT,DROPOUT,DROPOUT,DROPOUT,1710435945.1629386,1710435947.1608298,1710435954.5598536
3369,DROPOUT,DROPOUT,DROPOUT,DROPOUT,1710435981.5659118,1710435983.679049,1710435991.277519
533,DROPOUT,DROPOUT,DROPOUT,DROPOUT,1710436017.8986242,1710436020.7495089,1710436028.4935954
1409,GRADUATE,GRADUATE,GRADUATE,GRADUATE,1710436055.9201968,1710436058.2852635,1710436066.7179046
1,40
2,MALE
3,YES,I've already used Google's Gemini
4,9
know,NEUTRAL
fai_4,DISAGREE
fai_3,AGREE
fai_1,NEUTRAL
rel_2,NEUTRAL
attention test completed
com_1,NEUTRAL
com_2,NEUTRAL
com_5,NEUTRAL
fai_5,DISAGREE
rel_1,NEUTRAL
fai_2,DISAGREE
com_3,NEUTRAL
rel_5,NEUTRAL
