Prolific ID,5bb2a0148f3bd70001e5633f
student_id,target,first_choice,ai_pred,second_choice,time1,time2,time3
tutorial_2309,GRADUATE,GRADUATE,GRADUATE,GRADUATE,1710439700.974989,1710439702.6411018,1710439808.0952816
4421,DROPOUT,GRADUATE,DROPOUT,GRADUATE,1710439879.6669953,1710439882.6319814,1710439932.9714224
3576,GRADUATE,GRADUATE,GRADUATE,GRADUATE,1710439990.934962,1710439992.4534235,1710440037.7544177
3369,DROPOUT,DROPOUT,DROPOUT,DROPOUT,1710440082.2009833,1710440083.203841,1710440112.8341897
3647,DROPOUT,DROPOUT,DROPOUT,DROPOUT,1710440148.7283049,1710440149.5413334,1710440154.5879698
3245,DROPOUT,GRADUATE,DROPOUT,GRADUATE,1710440189.1204116,1710440190.1470656,1710440217.7740288
629,GRADUATE,DROPOUT,GRADUATE,DROPOUT,1710440247.2962818,1710440248.435395,1710440262.267137
attention_2309,attention test failed
68,DROPOUT,DROPOUT,GRADUATE,DROPOUT,1710440341.1728516,1710440343.904393,1710440385.0704103
2358,GRADUATE,GRADUATE,GRADUATE,GRADUATE,1710440409.5546253,1710440410.7255807,1710440415.0938566
2870,GRADUATE,GRADUATE,GRADUATE,GRADUATE,1710440451.0456948,1710440452.0496178,1710440474.5301957
758,GRADUATE,DROPOUT,GRADUATE,GRADUATE,1710440515.4116285,1710440516.7431424,1710440541.7390256
1,49
2,MALE
3,YES,Via CHATGPT and similar and some AI extension for work
4,9
know,AGREE
fai_4,DISAGREE
rel_5,AGREE
rel_1,AGREE
rel_2,AGREE
fai_3,AGREE
com_5,STRONGLY AGREE
fai_1,NEUTRAL
com_2,AGREE
fai_5,AGREE
attention test completed
com_3,AGREE
com_1,STRONGLY AGREE
fai_2,NEUTRAL
