Prolific ID,5cc7f4b3854fb30001d0c13a
student_id,target,first_choice,ai_pred,second_choice,time1,time2,time3
tutorial_2309,GRADUATE,GRADUATE,GRADUATE,GRADUATE,1710435196.4913518,1710435206.0337508,1710435292.4436
758,GRADUATE,GRADUATE,GRADUATE,DROPOUT,1710435327.9500484,1710435330.0983155,1710435367.9803307
262,DROPOUT,DROPOUT,DROPOUT,DROPOUT,1710435395.4716983,1710435398.0649328,1710435406.685569
3988,GRADUATE,DROPOUT,GRADUATE,GRADUATE,1710435431.93177,1710435432.559897,1710435462.1730063
3224,DROPOUT,DROPOUT,GRADUATE,DROPOUT,1710435493.0372212,1710435495.2732313,1710435510.6945665
68,DROPOUT,GRADUATE,GRADUATE,GRADUATE,1710435530.731528,1710435535.7662208,1710435542.2179408
2692,GRADUATE,GRADUATE,GRADUATE,GRADUATE,1710435568.135212,1710435571.5001872,1710435579.8053052
attention_2309,attention test failed
3027,DROPOUT,DROPOUT,DROPOUT,DROPOUT,1710435630.5411136,1710435631.7092164,1710435636.869966
223,GRADUATE,GRADUATE,GRADUATE,GRADUATE,1710435659.8658462,1710435664.7739491,1710435673.3602805
2870,GRADUATE,GRADUATE,GRADUATE,GRADUATE,1710435713.0120568,1710435715.132926,1710435721.475448
1042,GRADUATE,GRADUATE,GRADUATE,GRADUATE,1710435734.7855446,1710435740.6056414,1710435747.0637834
1,43
2,MALE
3,YES,internet courses in tinyML
4,6
know,DISAGREE
attention test completed
com_1,AGREE
fai_2,AGREE
fai_3,AGREE
rel_5,AGREE
rel_1,NEUTRAL
fai_4,DISAGREE
fai_1,NEUTRAL
com_5,NEUTRAL
rel_2,AGREE
com_2,NEUTRAL
com_3,NEUTRAL
fai_5,AGREE
