Prolific ID,5c5f2a7a5b87820001c4fa2d
student_id,target,first_choice,ai_pred,second_choice,time1,time2,time3
tutorial_2309,GRADUATE,GRADUATE,GRADUATE,GRADUATE,1710435324.8751738,1710435327.6853616,1710435383.049787
2642,DROPOUT,DROPOUT,DROPOUT,DROPOUT,1710435427.764997,1710435428.8969488,1710435438.0906508
503,DROPOUT,DROPOUT,DROPOUT,DROPOUT,1710435458.6415985,1710435459.5402603,1710435467.8099906
3369,DROPOUT,GRADUATE,DROPOUT,GRADUATE,1710435486.4375944,1710435490.0004675,1710435512.8843296
872,GRADUATE,GRADUATE,DROPOUT,GRADUATE,1710435523.25683,1710435524.8645334,1710435542.6043656
533,DROPOUT,DROPOUT,DROPOUT,DROPOUT,1710435557.3667061,1710435558.1095536,1710435574.6531427
3588,GRADUATE,GRADUATE,GRADUATE,GRADUATE,1710435581.8826332,1710435585.01842,1710435596.924879
attention_2309,attention test failed
3988,GRADUATE,GRADUATE,GRADUATE,GRADUATE,1710435649.6293268,1710435652.2511096,1710435668.173721
4421,DROPOUT,GRADUATE,DROPOUT,GRADUATE,1710435706.692414,1710435709.3690867,1710435745.4748101
3245,DROPOUT,GRADUATE,DROPOUT,GRADUATE,1710435752.980998,1710435754.4775805,1710435770.8208973
1833,DROPOUT,GRADUATE,DROPOUT,DROPOUT,1710435779.102031,1710435784.5689962,1710435799.2487166
1,42
2,FEMALE
3,YES,social media, social circle
4,11
know,AGREE
com_3,DISAGREE
fai_5,DISAGREE
rel_2,DISAGREE
fai_2,STRONGLY DISAGREE
com_2,STRONGLY DISAGREE
com_1,STRONGLY DISAGREE
rel_1,DISAGREE
rel_5,NEUTRAL
fai_4,STRONGLY DISAGREE
fai_3,STRONGLY DISAGREE
com_5,STRONGLY DISAGREE
fai_1,STRONGLY DISAGREE
attention test completed
