Prolific ID,5d08de125f6f010001d203bb
student_id,target,first_choice,ai_pred,second_choice,time1,time2,time3
tutorial_2309,GRADUATE,GRADUATE,GRADUATE,GRADUATE,1710435243.8131402,1710435245.9689136,1710435297.8964508
262,DROPOUT,DROPOUT,DROPOUT,DROPOUT,1710435352.8238106,1710435354.3882911,1710435373.3775365
2870,GRADUATE,GRADUATE,GRADUATE,GRADUATE,1710435409.4006295,1710435416.061363,1710435446.8417761
1050,GRADUATE,DROPOUT,GRADUATE,DROPOUT,1710435475.831104,1710435477.1569424,1710435511.3887181
2642,DROPOUT,DROPOUT,DROPOUT,DROPOUT,1710435540.518285,1710435544.5046208,1710435550.3093913
3647,DROPOUT,DROPOUT,DROPOUT,DROPOUT,1710435581.61427,1710435585.4295077,1710435596.5866644
4107,DROPOUT,GRADUATE,GRADUATE,GRADUATE,1710435636.134249,1710435637.850263,1710435644.61328
attention_2309,attention test failed
3245,DROPOUT,GRADUATE,DROPOUT,GRADUATE,1710435810.3010595,1710435813.9347749,1710435845.8319268
758,GRADUATE,GRADUATE,GRADUATE,GRADUATE,1710435883.7878022,1710435886.2461598,1710435896.4121864
3588,GRADUATE,GRADUATE,GRADUATE,GRADUATE,1710435917.3770366,1710435919.0941563,1710435926.3262784
3151,DROPOUT,DROPOUT,DROPOUT,DROPOUT,1710435944.55126,1710435945.9379826,1710435953.023602
1,0
2,MALE
3,YES,ChatGPT
4,10
know,AGREE
rel_2,NEUTRAL
com_2,DISAGREE
com_5,AGREE
com_1,NEUTRAL
com_3,DISAGREE
fai_5,STRONGLY AGREE
rel_1,AGREE
attention test completed
fai_1,NEUTRAL
fai_4,DISAGREE
fai_2,AGREE
fai_3,AGREE
rel_5,NEUTRAL
