Prolific ID,5edcfe625cd39c9efd5cc2ae
student_id,target,first_choice,ai_pred,second_choice,time1,time2,time3
tutorial_2309,GRADUATE,GRADUATE,GRADUATE,GRADUATE,1710436339.4897146,1710436340.8528113,1710436365.390479
3647,DROPOUT,DROPOUT,DROPOUT,DROPOUT,1710436388.298027,1710436389.6292756,1710436396.8187704
66,GRADUATE,GRADUATE,GRADUATE,GRADUATE,1710436419.4840379,1710436420.5098412,1710436426.7572052
1125,GRADUATE,DROPOUT,GRADUATE,GRADUATE,1710436432.0286617,1710436432.6974447,1710436445.6799502
3151,DROPOUT,GRADUATE,DROPOUT,GRADUATE,1710436453.30794,1710436453.9942575,1710436464.22958
223,GRADUATE,GRADUATE,GRADUATE,GRADUATE,1710436469.5574148,1710436470.2420936,1710436474.3315253
3588,GRADUATE,GRADUATE,GRADUATE,GRADUATE,1710436479.1948442,1710436480.0766432,1710436484.6208804
attention_2309,attention test failed
2609,DROPOUT,DROPOUT,DROPOUT,DROPOUT,1710436541.9482756,1710436542.5144043,1710436546.3900228
4107,DROPOUT,GRADUATE,GRADUATE,GRADUATE,1710436561.3041375,1710436561.9732623,1710436566.0053568
1042,GRADUATE,GRADUATE,GRADUATE,GRADUATE,1710436572.0013115,1710436572.5828965,1710436577.809721
2870,GRADUATE,GRADUATE,GRADUATE,GRADUATE,1710436584.7886493,1710436585.426497,1710436589.6609643
1,39
2,FEMALE
3,YES,at work
4,8
know,STRONGLY AGREE
com_1,STRONGLY AGREE
attention test completed
rel_1,NEUTRAL
fai_1,DISAGREE
com_2,AGREE
fai_5,DISAGREE
com_5,AGREE
fai_2,DISAGREE
fai_3,DISAGREE
rel_5,AGREE
rel_2,AGREE
com_3,NEUTRAL
fai_4,NEUTRAL
