Prolific ID,5ee28fbb1d9dca40620d1db9
student_id,target,first_choice,ai_pred,second_choice,time1,time2,time3
tutorial_2309,GRADUATE,GRADUATE,GRADUATE,GRADUATE,1710435729.0212457,1710435729.9316618,1710435800.2729073
2358,GRADUATE,GRADUATE,GRADUATE,GRADUATE,1710435866.658444,1710435871.5620391,1710435899.6182506
2642,DROPOUT,DROPOUT,DROPOUT,DROPOUT,1710435909.5695415,1710435910.0675004,1710435915.7638268
223,GRADUATE,DROPOUT,GRADUATE,DROPOUT,1710435935.2991652,1710435938.636008,1710435948.7899935
2692,GRADUATE,GRADUATE,GRADUATE,GRADUATE,1710435972.2229035,1710435974.2332957,1710435989.2712986
3988,GRADUATE,DROPOUT,GRADUATE,DROPOUT,1710435999.295589,1710436000.8388581,1710436029.6236079
3207,DROPOUT,GRADUATE,DROPOUT,GRADUATE,1710436040.29288,1710436042.0896528,1710436063.0369163
attention_2309,attention test failed
1042,GRADUATE,GRADUATE,GRADUATE,GRADUATE,1710436146.3331819,1710436147.129124,1710436621.6430008
2870,GRADUATE,GRADUATE,GRADUATE,DROPOUT,1710436650.2230039,1710436650.7870321,1710436660.2501
66,GRADUATE,DROPOUT,GRADUATE,DROPOUT,1710436664.4955676,1710436665.6958778,1710436673.4654067
3588,GRADUATE,GRADUATE,GRADUATE,GRADUATE,1710436679.637624,1710436682.464759,1710436688.8399053
1,23
2,PREFER TO SELF-IDENTIFY
3,YES,work in marketing department, uni
4,9
know,AGREE
rel_5,NEUTRAL
fai_4,DISAGREE
rel_1,DISAGREE
com_2,AGREE
rel_2,AGREE
fai_1,DISAGREE
fai_3,DISAGREE
com_1,NEUTRAL
com_5,STRONGLY AGREE
attention test completed
fai_2,DISAGREE
fai_5,NEUTRAL
com_3,NEUTRAL
