Prolific ID,5e6d3324f14d262fced5bbfe
student_id,target,first_choice,ai_pred,second_choice,time1,time2,time3
tutorial_2309,GRADUATE,GRADUATE,GRADUATE,GRADUATE,1710435185.6369214,1710435187.393022,1710435241.3867316
2980,GRADUATE,DROPOUT,DROPOUT,DROPOUT,1710435293.9760919,1710435295.138617,1710435332.7562869
3576,GRADUATE,GRADUATE,GRADUATE,GRADUATE,1710435378.5761795,1710435379.3882227,1710435407.7661521
629,GRADUATE,GRADUATE,GRADUATE,GRADUATE,1710435441.8519826,1710435443.2171857,1710435483.925188
533,DROPOUT,DROPOUT,DROPOUT,DROPOUT,1710435522.1379042,1710435527.1932664,1710435548.2634022
2692,GRADUATE,GRADUATE,GRADUATE,GRADUATE,1710435575.40741,1710435576.997284,1710435594.5579176
3278,DROPOUT,DROPOUT,DROPOUT,DROPOUT,1710435620.7872884,1710435624.4082108,1710435649.4851313
attention_2309,attention test failed
487,DROPOUT,GRADUATE,DROPOUT,GRADUATE,1710435720.8265305,1710435722.8151245,1710435764.2240746
4421,DROPOUT,DROPOUT,DROPOUT,DROPOUT,1710435808.9570146,1710435814.9784203,1710435840.8603876
3369,DROPOUT,DROPOUT,DROPOUT,DROPOUT,1710435858.7596886,1710435862.9205403,1710435875.0758736
2642,DROPOUT,DROPOUT,DROPOUT,DROPOUT,1710435906.8348756,1710435911.1113458,1710435925.0903676
1,26
2,MALE
3,YES,I have studied it as part of my program in university and used it in academics and work since
4,8
know,NEUTRAL
rel_1,NEUTRAL
rel_2,NEUTRAL
com_1,AGREE
rel_5,STRONGLY AGREE
com_3,DISAGREE
attention test completed
fai_3,DISAGREE
fai_5,NEUTRAL
com_5,AGREE
fai_4,STRONGLY DISAGREE
fai_1,DISAGREE
fai_2,DISAGREE
com_2,STRONGLY DISAGREE
