Prolific ID,5ea9a27bcca7db0d996939b0
student_id,target,first_choice,ai_pred,second_choice,time1,time2,time3
tutorial_2309,GRADUATE,GRADUATE,GRADUATE,GRADUATE,1710435263.9654438,1710435265.5449336,1710435322.865003
872,GRADUATE,DROPOUT,DROPOUT,DROPOUT,1710435374.2578397,1710435376.9130301,1710435393.9943182
1409,GRADUATE,GRADUATE,GRADUATE,GRADUATE,1710435470.832868,1710435472.3617804,1710435484.185707
223,GRADUATE,GRADUATE,GRADUATE,GRADUATE,1710435549.7643266,1710435552.6460896,1710435567.853398
2692,GRADUATE,GRADUATE,GRADUATE,GRADUATE,1710435599.7725747,1710435601.1290405,1710435616.249565
2980,GRADUATE,GRADUATE,DROPOUT,GRADUATE,1710435652.7138796,1710435657.7228105,1710435672.9244058
1125,GRADUATE,GRADUATE,GRADUATE,GRADUATE,1710435690.1953638,1710435692.8578157,1710435698.5817842
attention_2309,attention test failed
3647,DROPOUT,DROPOUT,DROPOUT,DROPOUT,1710435744.2138722,1710435746.6041756,1710435757.4919684
2358,GRADUATE,GRADUATE,GRADUATE,GRADUATE,1710435779.7101786,1710435782.0648665,1710435791.8730838
629,GRADUATE,DROPOUT,GRADUATE,DROPOUT,1710435809.4120932,1710435814.1054633,1710435836.6758804
3988,GRADUATE,DROPOUT,GRADUATE,GRADUATE,1710435857.6474104,1710435859.773628,1710435870.2332182
3988,GRADUATE,DROPOUT,GRADUATE,GRADUATE,1710435857.6474104,1710435859.773628,1710435870.5435288
1,19
2,FEMALE
3,YES,In everyday life, such as studying or finding help with day-to-day activities (chat gpt, etc.)
4,9
know,AGREE
fai_3,DISAGREE
rel_1,DISAGREE
com_5,NEUTRAL
com_1,NEUTRAL
fai_5,DISAGREE
com_3,NEUTRAL
fai_4,STRONGLY DISAGREE
rel_2,NEUTRAL
fai_2,NEUTRAL
com_2,AGREE
attention test completed
rel_5,AGREE
fai_1,AGREE
