Prolific ID,5eab231d086d900d8d4c5b55
student_id,target,first_choice,ai_pred,second_choice,time1,time2,time3
tutorial_2309,GRADUATE,GRADUATE,GRADUATE,DROPOUT,1710435360.355037,1710435362.5955122,1710435525.9520402
872,GRADUATE,DROPOUT,DROPOUT,DROPOUT,1710435551.2320452,1710435552.104156,1710435565.2131357
262,DROPOUT,DROPOUT,DROPOUT,DROPOUT,1710435587.2539032,1710435594.4127944,1710435622.577886
629,GRADUATE,DROPOUT,GRADUATE,GRADUATE,1710435646.5334013,1710435732.0763614,1710435751.930498
1050,GRADUATE,DROPOUT,GRADUATE,GRADUATE,1710435763.7666478,1710435767.3280568,1710435859.7890759
3027,DROPOUT,GRADUATE,DROPOUT,DROPOUT,1710435882.5944622,1710435886.37089,1710435955.3259184
3647,DROPOUT,DROPOUT,DROPOUT,DROPOUT,1710435973.333773,1710435976.5656824,1710436007.3825755
attention_2309,attention test failed
3245,DROPOUT,GRADUATE,DROPOUT,GRADUATE,1710436167.8432205,1710436169.4728258,1710436178.801377
68,DROPOUT,DROPOUT,GRADUATE,GRADUATE,1710436187.6142852,1710436189.3207452,1710436198.4767613
533,DROPOUT,GRADUATE,DROPOUT,GRADUATE,1710436226.3958066,1710436228.4249225,1710436304.3698654
1409,GRADUATE,DROPOUT,GRADUATE,GRADUATE,1710436307.4041247,1710436308.610093,1710436317.5816283
1,23
2,FEMALE
3,YES,snapchat
4,2
know,AGREE
com_5,AGREE
fai_3,AGREE
fai_1,AGREE
attention test completed
fai_2,NEUTRAL
rel_1,NEUTRAL
com_1,NEUTRAL
rel_2,STRONGLY AGREE
rel_5,DISAGREE
fai_4,AGREE
com_2,NEUTRAL
fai_5,AGREE
com_3,NEUTRAL
Prolific ID,5eab231d086d900d8d4c5b55
student_id,target,first_choice,ai_pred,second_choice,time1,time2,time3
