Prolific ID,5e79fca7d1de330352c21920
student_id,target,first_choice,ai_pred,second_choice,time1,time2,time3
tutorial_2309,GRADUATE,GRADUATE,GRADUATE,GRADUATE,1710435556.2598653,1710435559.0170183,1710435733.3649628
4421,DROPOUT,DROPOUT,DROPOUT,DROPOUT,1710435819.248769,1710435821.2859194,1710435839.0933206
3647,DROPOUT,DROPOUT,DROPOUT,DROPOUT,1710435865.8808038,1710435868.0790722,1710435875.53819
262,DROPOUT,DROPOUT,DROPOUT,DROPOUT,1710435921.9465868,1710435925.0732338,1710435930.4650784
533,DROPOUT,DROPOUT,DROPOUT,DROPOUT,1710435945.4566677,1710435946.8508408,1710435953.463359
3988,GRADUATE,DROPOUT,GRADUATE,GRADUATE,1710435970.2610478,1710435971.3813055,1710435983.4018981
487,DROPOUT,GRADUATE,DROPOUT,DROPOUT,1710436011.8850555,1710436014.1576152,1710436018.8231971
attention_2309,attention test failed
1125,GRADUATE,GRADUATE,GRADUATE,GRADUATE,1710436051.273028,1710436055.048077,1710436060.672974
4107,DROPOUT,GRADUATE,GRADUATE,GRADUATE,1710436071.0487678,1710436072.4523335,1710436076.6169355
2642,DROPOUT,DROPOUT,DROPOUT,DROPOUT,1710436087.9508889,1710436091.5193915,1710436096.1926527
3369,DROPOUT,DROPOUT,DROPOUT,DROPOUT,1710436114.3650231,1710436115.5508134,1710436121.818411
1,27
2,MALE
3,NO,
4,9
know,AGREE
fai_5,NEUTRAL
fai_3,AGREE
fai_2,NEUTRAL
com_5,AGREE
com_1,AGREE
rel_2,AGREE
fai_4,NEUTRAL
fai_1,NEUTRAL
attention test completed
rel_1,NEUTRAL
com_2,NEUTRAL
com_3,AGREE
rel_5,AGREE
