Prolific ID,5ee93a8aa43b042d2529faec
student_id,target,first_choice,ai_pred,second_choice,time1,time2,time3
tutorial_2309,GRADUATE,GRADUATE,GRADUATE,GRADUATE,1710435177.1530437,1710435178.2471037,1710435232.1143453
2980,GRADUATE,GRADUATE,DROPOUT,DROPOUT,1710435242.0406342,1710435243.4231079,1710435249.81347
3588,GRADUATE,GRADUATE,GRADUATE,GRADUATE,1710435259.1249835,1710435259.6012256,1710435262.7929914
3224,DROPOUT,GRADUATE,GRADUATE,GRADUATE,1710435273.6801891,1710435274.7453694,1710435279.1377058
1409,GRADUATE,DROPOUT,GRADUATE,GRADUATE,1710435286.858268,1710435288.0155725,1710435294.082332
3207,DROPOUT,DROPOUT,DROPOUT,DROPOUT,1710435305.0912914,1710435305.7945907,1710435309.8908665
1042,GRADUATE,DROPOUT,GRADUATE,GRADUATE,1710435319.9028149,1710435320.6257384,1710435331.483219
attention_2309,attention test failed
503,DROPOUT,DROPOUT,DROPOUT,DROPOUT,1710435356.1153023,1710435357.4914656,1710435363.980093
1125,GRADUATE,GRADUATE,GRADUATE,GRADUATE,1710435370.016284,1710435372.7589328,1710435376.5530043
262,DROPOUT,DROPOUT,DROPOUT,DROPOUT,1710435384.271089,1710435384.8906605,1710435393.519181
1833,DROPOUT,DROPOUT,DROPOUT,DROPOUT,1710435400.8899138,1710435403.093074,1710435409.6383963
1,28
2,FEMALE
3,NO,
4,10
know,STRONGLY AGREE
fai_1,AGREE
fai_4,NEUTRAL
fai_5,AGREE
fai_2,AGREE
com_2,NEUTRAL
com_5,AGREE
rel_2,AGREE
rel_1,NEUTRAL
com_1,AGREE
com_3,STRONGLY AGREE
attention test completed
rel_5,NEUTRAL
fai_3,STRONGLY AGREE
