Prolific ID,5e89e89bf025be000c01eead
student_id,target,first_choice,ai_pred,second_choice,time1,time2,time3
tutorial_2309,GRADUATE,GRADUATE,GRADUATE,GRADUATE,1710435191.5352545,1710435192.66539,1710435264.0713508
758,GRADUATE,DROPOUT,GRADUATE,GRADUATE,1710435328.210553,1710435330.0946612,1710435362.0456722
223,GRADUATE,GRADUATE,GRADUATE,GRADUATE,1710435400.52117,1710435404.4414341,1710435426.7002532
2358,GRADUATE,GRADUATE,GRADUATE,GRADUATE,1710435468.4153473,1710435470.459118,1710435477.0352147
872,GRADUATE,GRADUATE,DROPOUT,GRADUATE,1710435507.7149081,1710435509.3313456,1710435530.4016497
872,GRADUATE,GRADUATE,DROPOUT,GRADUATE,1710435507.7149081,1710435509.3313456,1710435530.996708
1125,GRADUATE,GRADUATE,GRADUATE,GRADUATE,1710435550.5627131,1710435553.7021718,1710435559.290259
attention_2309,attention test failed
3151,DROPOUT,DROPOUT,DROPOUT,DROPOUT,1710435598.4759722,1710435599.8910968,1710435605.4088473
1833,DROPOUT,DROPOUT,DROPOUT,DROPOUT,1710435621.1500566,1710435623.833206,1710435627.9819062
2980,GRADUATE,GRADUATE,DROPOUT,GRADUATE,1710435649.764449,1710435651.6505897,1710435679.0207217
2642,DROPOUT,DROPOUT,DROPOUT,DROPOUT,1710435689.2618234,1710435692.8334086,1710435699.280763
1,25
2,MALE
3,YES,Using chatgpt
4,7
know,STRONGLY AGREE
rel_5,STRONGLY AGREE
com_5,AGREE
rel_2,NEUTRAL
fai_4,DISAGREE
com_1,AGREE
fai_3,NEUTRAL
fai_1,DISAGREE
fai_5,DISAGREE
fai_2,DISAGREE
attention test completed
rel_1,DISAGREE
com_3,NEUTRAL
com_2,NEUTRAL
