Prolific ID,5eeb60b1ac0f3906747f58ee
student_id,target,first_choice,ai_pred,second_choice,time1,time2,time3
tutorial_2309,GRADUATE,GRADUATE,GRADUATE,GRADUATE,1710435314.1133409,1710435317.6034935,1710435370.8006055
2692,GRADUATE,GRADUATE,GRADUATE,GRADUATE,1710435396.0944226,1710435400.000052,1710435415.797595
262,DROPOUT,GRADUATE,DROPOUT,DROPOUT,1710435435.0062003,1710435437.5023699,1710435449.2119853
3647,DROPOUT,DROPOUT,DROPOUT,DROPOUT,1710435462.442318,1710435466.1107373,1710435475.9649575
3207,DROPOUT,GRADUATE,DROPOUT,DROPOUT,1710435489.1036425,1710435492.0301485,1710435506.365275
629,GRADUATE,GRADUATE,GRADUATE,GRADUATE,1710435517.2751217,1710435522.7649662,1710435529.3778148
872,GRADUATE,GRADUATE,DROPOUT,DROPOUT,1710435540.4026196,1710435545.5080569,1710435559.1567469
attention_2309,attention test failed
68,DROPOUT,DROPOUT,GRADUATE,DROPOUT,1710435599.8951104,1710435605.7344356,1710435624.1253495
1042,GRADUATE,GRADUATE,GRADUATE,GRADUATE,1710435633.5994549,1710435643.5421307,1710435654.3703797
3676,GRADUATE,DROPOUT,DROPOUT,DROPOUT,1710435670.6132731,1710435676.701025,1710435688.976596
4107,DROPOUT,GRADUATE,GRADUATE,GRADUATE,1710435701.3368938,1710435703.4876826,1710435708.942416
1,21
2,MALE
3,YES,
4,7
know,NEUTRAL
rel_1,AGREE
attention test completed
fai_5,AGREE
com_2,AGREE
fai_2,AGREE
rel_2,AGREE
fai_4,NEUTRAL
com_3,AGREE
fai_1,AGREE
rel_5,AGREE
fai_3,STRONGLY AGREE
com_1,AGREE
com_5,AGREE
