Prolific ID,5fd77bb5246a37086f19c67c
student_id,target,first_choice,ai_pred,second_choice,time1,time2,time3
tutorial_2309,GRADUATE,GRADUATE,GRADUATE,GRADUATE,1710435243.5813072,1710435246.5688226,1710435340.4894176
533,DROPOUT,DROPOUT,DROPOUT,DROPOUT,1710435421.833514,1710435425.474217,1710435438.718243
3369,DROPOUT,GRADUATE,DROPOUT,DROPOUT,1710435485.5657506,1710435487.2183967,1710435526.2005334
2358,GRADUATE,GRADUATE,GRADUATE,GRADUATE,1710435557.1146696,1710435559.1520064,1710435569.727057
3588,GRADUATE,GRADUATE,GRADUATE,GRADUATE,1710435600.1397321,1710435602.503912,1710435608.9468632
1042,GRADUATE,DROPOUT,GRADUATE,GRADUATE,1710435648.6794174,1710435649.7754824,1710435665.5047662
758,GRADUATE,GRADUATE,GRADUATE,GRADUATE,1710435696.5383017,1710435698.5752432,1710435709.2153769
attention_2309,attention test failed
4421,DROPOUT,GRADUATE,DROPOUT,DROPOUT,1710435761.0437393,1710435762.5512059,1710435775.375287
3676,GRADUATE,DROPOUT,DROPOUT,DROPOUT,1710435889.6807115,1710435891.5248692,1710435906.2590542
3647,DROPOUT,DROPOUT,DROPOUT,DROPOUT,1710435928.1935897,1710435931.0248334,1710435936.4064267
3224,DROPOUT,DROPOUT,GRADUATE,DROPOUT,1710435959.7413723,1710435961.9138117,1710435983.6826468
1,22
2,FEMALE
3,NO,
4,9
know,AGREE
fai_2,STRONGLY AGREE
fai_3,STRONGLY AGREE
fai_5,AGREE
com_1,AGREE
com_2,DISAGREE
com_3,STRONGLY DISAGREE
attention test completed
rel_1,STRONGLY DISAGREE
fai_4,STRONGLY DISAGREE
rel_2,AGREE
fai_1,AGREE
rel_5,DISAGREE
com_5,DISAGREE
