Prolific ID,5fc0651e0985e84f652efe5e
student_id,target,first_choice,ai_pred,second_choice,time1,time2,time3
tutorial_2309,GRADUATE,GRADUATE,GRADUATE,GRADUATE,1710435283.9250793,1710435285.1083453,1710435354.244589
3027,DROPOUT,DROPOUT,DROPOUT,DROPOUT,1710435404.4389389,1710435405.5500367,1710435414.6895094
4107,DROPOUT,DROPOUT,GRADUATE,GRADUATE,1710435484.966547,1710435485.7851956,1710435497.4825802
3369,DROPOUT,DROPOUT,DROPOUT,DROPOUT,1710435524.1577628,1710435525.4737008,1710435534.6604073
629,GRADUATE,GRADUATE,GRADUATE,GRADUATE,1710435582.0136063,1710435584.3309133,1710435608.5033824
3988,GRADUATE,GRADUATE,GRADUATE,GRADUATE,1710435643.0167058,1710435644.088986,1710435648.2196975
503,DROPOUT,DROPOUT,DROPOUT,DROPOUT,1710435694.5214086,1710435695.5686421,1710435701.0603683
attention_2309,attention test failed
2980,GRADUATE,GRADUATE,DROPOUT,GRADUATE,1710435747.5049634,1710435753.1220357,1710435769.8473773
3709,DROPOUT,DROPOUT,GRADUATE,DROPOUT,1710435831.062627,1710435849.3104274,1710435856.7910073
1409,GRADUATE,GRADUATE,GRADUATE,GRADUATE,1710435883.3346596,1710435885.6465738,1710435891.270102
1050,GRADUATE,DROPOUT,GRADUATE,DROPOUT,1710435905.0905728,1710435905.9370155,1710435927.6068547
1,29
2,MALE
3,YES,I tried few times chat GPT
4,9
know,AGREE
com_5,DISAGREE
com_3,STRONGLY DISAGREE
com_1,DISAGREE
attention test completed
rel_2,DISAGREE
fai_3,STRONGLY DISAGREE
rel_5,AGREE
fai_1,DISAGREE
rel_1,STRONGLY DISAGREE
fai_2,STRONGLY DISAGREE
fai_5,STRONGLY DISAGREE
com_2,DISAGREE
fai_4,STRONGLY DISAGREE
