Prolific ID,601e1cae7d6414276e39e5db
student_id,target,first_choice,ai_pred,second_choice,time1,time2,time3
tutorial_2309,GRADUATE,DROPOUT,GRADUATE,GRADUATE,1710435291.2818546,1710435299.431343,1710435425.268877
3027,DROPOUT,DROPOUT,DROPOUT,DROPOUT,1710435512.276036,1710435517.4167826,1710435547.6097524
533,DROPOUT,DROPOUT,DROPOUT,DROPOUT,1710435643.785972,1710435647.7972956,1710435662.8269155
3647,DROPOUT,DROPOUT,DROPOUT,DROPOUT,1710436062.4634998,1710436067.4557061,1710436078.0607054
2609,DROPOUT,GRADUATE,DROPOUT,DROPOUT,1710436151.1075535,1710436152.150769,1710436168.1622083
2642,DROPOUT,DROPOUT,DROPOUT,DROPOUT,1710436220.445225,1710436222.752065,1710436229.2100441
487,DROPOUT,GRADUATE,DROPOUT,GRADUATE,1710436283.5652397,1710436284.483978,1710436314.1016867
attention_2309,attention test failed
4107,DROPOUT,GRADUATE,GRADUATE,GRADUATE,1710436403.4700158,1710436405.5258567,1710436414.073983
1833,DROPOUT,DROPOUT,DROPOUT,DROPOUT,1710436468.3178144,1710436469.3417664,1710436478.6013086
1409,GRADUATE,GRADUATE,GRADUATE,GRADUATE,1710436514.5303059,1710436515.226513,1710436518.160803
68,DROPOUT,DROPOUT,GRADUATE,DROPOUT,1710436556.5829933,1710436561.188179,1710436603.0553293
1,21
2,FEMALE
3,YES,I have used it as a tool for projects
4,7
know,AGREE
fai_2,NEUTRAL
rel_5,STRONGLY AGREE
com_2,AGREE
fai_1,AGREE
attention test completed
rel_2,AGREE
fai_5,STRONGLY AGREE
com_5,STRONGLY AGREE
fai_4,DISAGREE
rel_1,DISAGREE
com_1,NEUTRAL
com_3,STRONGLY DISAGREE
fai_3,NEUTRAL
