Prolific ID,603e12741967b3dafd864fdb
student_id,target,first_choice,ai_pred,second_choice,time1,time2,time3
tutorial_2309,GRADUATE,GRADUATE,GRADUATE,GRADUATE,1710435209.0604756,1710435210.892355,1710435275.4024043
3027,DROPOUT,DROPOUT,DROPOUT,DROPOUT,1710435368.8820872,1710435396.6451657,1710435592.053296
3224,DROPOUT,DROPOUT,GRADUATE,GRADUATE,1710435659.4118147,1710435666.2324421,1710435680.8087683
3369,DROPOUT,GRADUATE,DROPOUT,DROPOUT,1710435796.9936674,1710435802.2529778,1710435815.5853028
2642,DROPOUT,GRADUATE,DROPOUT,DROPOUT,1710435858.3442078,1710435859.5994408,1710435877.4756386
2642,DROPOUT,GRADUATE,DROPOUT,DROPOUT,1710435858.3442078,1710435859.5994408,1710435879.4400086
3278,DROPOUT,DROPOUT,DROPOUT,DROPOUT,1710435918.727711,1710435920.1214283,1710435950.3581946
attention_2309,attention test failed
503,DROPOUT,DROPOUT,DROPOUT,DROPOUT,1710435994.2354832,1710435997.101852,1710436005.6957364
1125,GRADUATE,GRADUATE,GRADUATE,GRADUATE,1710436058.8369997,1710436061.0547826,1710436066.4093375
4421,DROPOUT,GRADUATE,DROPOUT,DROPOUT,1710436094.3390567,1710436097.6532466,1710436103.8990097
2980,GRADUATE,GRADUATE,DROPOUT,DROPOUT,1710436113.0506864,1710436114.3717973,1710436117.971635
1,21
2,FEMALE
3,YES,Online information, university classes
4,11
know,AGREE
fai_3,AGREE
fai_2,NEUTRAL
com_5,AGREE
attention test completed
fai_5,NEUTRAL
rel_1,AGREE
com_1,STRONGLY AGREE
rel_5,STRONGLY AGREE
fai_4,DISAGREE
com_2,AGREE
com_3,AGREE
rel_2,AGREE
fai_1,AGREE
