Prolific ID,604d242c7c866fc358db7d48
student_id,target,first_choice,ai_pred,second_choice,time1,time2,time3
tutorial_2309,GRADUATE,GRADUATE,GRADUATE,GRADUATE,1710435069.3570578,1710435070.72913,1710435091.913388
3676,GRADUATE,DROPOUT,DROPOUT,GRADUATE,1710435098.2188241,1710435101.1212173,1710435109.883036
3278,DROPOUT,DROPOUT,DROPOUT,DROPOUT,1710435122.564605,1710435123.1701233,1710435129.22811
3709,DROPOUT,GRADUATE,GRADUATE,GRADUATE,1710435139.0361552,1710435139.978093,1710435143.569918
3224,DROPOUT,GRADUATE,GRADUATE,GRADUATE,1710435167.2842023,1710435168.3703277,1710435173.0341418
2692,GRADUATE,GRADUATE,GRADUATE,GRADUATE,1710435186.6289508,1710435187.1679819,1710435190.5143588
3207,DROPOUT,GRADUATE,DROPOUT,DROPOUT,1710435265.933227,1710435266.7003784,1710435272.4724693
attention_2309,attention test failed
2980,GRADUATE,GRADUATE,DROPOUT,GRADUATE,1710435302.5457428,1710435302.9714296,1710435313.4396608
2358,GRADUATE,GRADUATE,GRADUATE,GRADUATE,1710435335.20937,1710435336.6391437,1710435341.7835891
3027,DROPOUT,GRADUATE,DROPOUT,DROPOUT,1710435524.8574045,1710435527.362736,1710435534.7880514
1050,GRADUATE,DROPOUT,GRADUATE,DROPOUT,1710435553.2888415,1710435553.843922,1710435570.5772161
1,38
2,MALE
3,YES,internet
4,7
know,NEUTRAL
fai_5,AGREE
rel_5,AGREE
com_3,NEUTRAL
fai_2,NEUTRAL
rel_2,AGREE
com_5,AGREE
rel_1,AGREE
fai_3,NEUTRAL
attention test completed
fai_1,NEUTRAL
com_1,AGREE
com_2,AGREE
fai_4,AGREE
