Prolific ID,61314fbda0ad57bb6d9d32b3
student_id,target,first_choice,ai_pred,second_choice,time1,time2,time3
tutorial_2309,GRADUATE,GRADUATE,GRADUATE,GRADUATE,1710435550.8310964,1710435555.1971266,1710435693.250418
2358,GRADUATE,GRADUATE,GRADUATE,GRADUATE,1710435758.6669555,1710435763.9287474,1710435782.4993777
1050,GRADUATE,DROPOUT,GRADUATE,DROPOUT,1710435852.2008686,1710435854.719142,1710435877.490259
3278,DROPOUT,DROPOUT,DROPOUT,DROPOUT,1710435940.8182514,1710435943.1730654,1710435957.7049415
66,GRADUATE,GRADUATE,GRADUATE,GRADUATE,1710436140.4298723,1710436142.8090165,1710436158.652228
4107,DROPOUT,GRADUATE,GRADUATE,GRADUATE,1710436228.3157544,1710436229.6827462,1710436239.50058
487,DROPOUT,DROPOUT,DROPOUT,DROPOUT,1710436294.4138772,1710436296.1364005,1710436304.4901872
attention_2309,attention test failed
3224,DROPOUT,GRADUATE,GRADUATE,GRADUATE,1710436541.4886029,1710436542.925918,1710436554.6417558
3988,GRADUATE,GRADUATE,GRADUATE,GRADUATE,1710436605.1565747,1710436606.3603363,1710436613.6921766
4421,DROPOUT,DROPOUT,DROPOUT,DROPOUT,1710436657.5869706,1710436658.6708212,1710436667.7153158
2642,DROPOUT,DROPOUT,DROPOUT,DROPOUT,1710436709.651245,1710436711.1587515,1710436717.5176516
1,32
2,FEMALE
3,YES,chatgpt
4,10
know,STRONGLY AGREE
rel_2,AGREE
com_5,AGREE
com_1,AGREE
fai_4,STRONGLY DISAGREE
rel_1,AGREE
attention test completed
fai_3,STRONGLY AGREE
fai_5,AGREE
com_3,AGREE
fai_1,AGREE
rel_5,AGREE
fai_2,DISAGREE
com_2,STRONGLY AGREE
