Prolific ID,616b74746f2a6d7f5d35bfdc
student_id,target,first_choice,ai_pred,second_choice,time1,time2,time3
tutorial_2309,GRADUATE,GRADUATE,GRADUATE,GRADUATE,1710435274.547837,1710435275.952847,1710435519.906448
629,GRADUATE,DROPOUT,GRADUATE,GRADUATE,1710435553.4311414,1710435554.2433667,1710435568.8041008
533,DROPOUT,DROPOUT,DROPOUT,DROPOUT,1710435835.0373063,1710435918.38526,1710435924.7214954
2980,GRADUATE,DROPOUT,DROPOUT,DROPOUT,1710436150.4293246,1710436151.3708484,1710436162.5807726
3245,DROPOUT,DROPOUT,DROPOUT,DROPOUT,1710436171.3009684,1710436172.0051315,1710436183.2770739
223,GRADUATE,GRADUATE,GRADUATE,GRADUATE,1710436272.4567277,1710436273.4282436,1710436278.4831865
1833,DROPOUT,DROPOUT,DROPOUT,DROPOUT,1710436492.016479,1710436492.6035662,1710436497.5055513
attention_2309,attention test failed
1042,GRADUATE,DROPOUT,GRADUATE,DROPOUT,1710436650.4228427,1710436651.0095384,1710436657.0539494
3207,DROPOUT,GRADUATE,DROPOUT,DROPOUT,1710436711.9453988,1710436712.4952424,1710436770.7253835
2358,GRADUATE,GRADUATE,GRADUATE,GRADUATE,1710436824.855591,1710436825.4197488,1710436828.4611847
3709,DROPOUT,GRADUATE,GRADUATE,GRADUATE,1710436940.4289007,1710436940.9727495,1710436945.1475763
1,23
2,MALE
3,YES,its everywhere
4,8
know,AGREE
fai_5,NEUTRAL
com_3,AGREE
com_5,STRONGLY AGREE
rel_2,AGREE
com_1,AGREE
fai_3,AGREE
fai_4,STRONGLY DISAGREE
fai_2,AGREE
com_2,AGREE
rel_1,DISAGREE
rel_5,AGREE
fai_1,AGREE
attention test completed
