Prolific ID,6166ef334de9e433e83bfb79
student_id,target,first_choice,ai_pred,second_choice,time1,time2,time3
tutorial_2309,GRADUATE,GRADUATE,GRADUATE,GRADUATE,1710435341.634673,1710435351.86608,1710435467.578463
758,GRADUATE,GRADUATE,GRADUATE,GRADUATE,1710435546.0444088,1710435548.9570222,1710435568.7932043
3245,DROPOUT,GRADUATE,DROPOUT,DROPOUT,1710435615.6339602,1710435618.9796724,1710435641.1053002
223,GRADUATE,GRADUATE,GRADUATE,GRADUATE,1710435705.3897865,1710435707.8207061,1710435720.6888487
3676,GRADUATE,DROPOUT,DROPOUT,DROPOUT,1710435774.233933,1710435777.8873613,1710435795.817797
533,DROPOUT,DROPOUT,DROPOUT,DROPOUT,1710435829.5930536,1710435832.3517926,1710435843.1525016
2692,GRADUATE,GRADUATE,GRADUATE,GRADUATE,1710435873.174762,1710435877.6476622,1710435890.0009782
attention_2309,attention test failed
2870,GRADUATE,GRADUATE,GRADUATE,GRADUATE,1710435960.1516066,1710435962.6884627,1710435972.636889
66,GRADUATE,DROPOUT,GRADUATE,DROPOUT,1710435997.5049882,1710436000.0130358,1710436022.2679036
3576,GRADUATE,GRADUATE,GRADUATE,GRADUATE,1710436052.432407,1710436055.489645,1710436068.2417057
629,GRADUATE,GRADUATE,GRADUATE,GRADUATE,1710436096.3286157,1710436098.3830426,1710436106.9066274
1,21
2,FEMALE
3,YES,chatgpt
4,10
know,DISAGREE
com_3,NEUTRAL
fai_1,DISAGREE
fai_3,NEUTRAL
fai_5,DISAGREE
rel_1,NEUTRAL
rel_5,AGREE
fai_2,DISAGREE
fai_4,DISAGREE
com_5,AGREE
rel_2,AGREE
com_1,AGREE
attention test completed
com_2,AGREE
