Prolific ID,6165e0b51a883e9db8cc7146
student_id,target,first_choice,ai_pred,second_choice,time1,time2,time3
tutorial_2309,GRADUATE,GRADUATE,GRADUATE,GRADUATE,1710435220.9556205,1710435232.4470084,1710435290.0697165
1050,GRADUATE,DROPOUT,GRADUATE,DROPOUT,1710435343.0576737,1710435352.541999,1710435403.837303
4421,DROPOUT,DROPOUT,DROPOUT,DROPOUT,1710435434.2985785,1710435435.1131077,1710435441.1648345
3588,GRADUATE,GRADUATE,GRADUATE,GRADUATE,1710435489.6410058,1710435492.019558,1710435516.3700476
3369,DROPOUT,DROPOUT,DROPOUT,DROPOUT,1710435538.8490217,1710435539.7465172,1710435544.636988
872,GRADUATE,DROPOUT,DROPOUT,DROPOUT,1710435600.397416,1710435601.7579405,1710435608.5090897
4107,DROPOUT,GRADUATE,GRADUATE,GRADUATE,1710435646.2276175,1710435648.2159235,1710435655.401676
4107,DROPOUT,GRADUATE,GRADUATE,GRADUATE,1710435646.2276175,1710435648.2159235,1710435656.1210022
68,DROPOUT,DROPOUT,GRADUATE,GRADUATE,1710435680.2312417,1710435682.6429925,1710435687.5956023
66,GRADUATE,DROPOUT,GRADUATE,DROPOUT,1710435725.3621767,1710435726.3497958,1710435757.6131
2692,GRADUATE,DROPOUT,GRADUATE,GRADUATE,1710435804.3182812,1710435805.093032,1710435817.9626336
487,DROPOUT,DROPOUT,DROPOUT,DROPOUT,1710435845.234415,1710435845.954065,1710435850.3713284
1,38
2,FEMALE
3,NO,
4,8
know,AGREE
fai_2,NEUTRAL
rel_2,NEUTRAL
rel_1,DISAGREE
attention test completed
com_1,DISAGREE
com_2,DISAGREE
fai_5,NEUTRAL
fai_3,DISAGREE
com_3,DISAGREE
com_5,DISAGREE
rel_5,AGREE
fai_4,DISAGREE
fai_1,DISAGREE
