Prolific ID,616c2aab79b6d65e4d674827
student_id,target,first_choice,ai_pred,second_choice,time1,time2,time3
tutorial_2309,GRADUATE,GRADUATE,GRADUATE,GRADUATE,1710435308.1534271,1710435309.8916485,1710435374.6396363
872,GRADUATE,GRADUATE,DROPOUT,DROPOUT,1710435465.7867265,1710435467.2211013,1710435479.6847322
1409,GRADUATE,DROPOUT,GRADUATE,DROPOUT,1710435487.0950584,1710435490.1276636,1710435555.4594948
629,GRADUATE,DROPOUT,GRADUATE,DROPOUT,1710435576.0723479,1710435580.7226272,1710435594.570706
68,DROPOUT,DROPOUT,GRADUATE,GRADUATE,1710435599.3955746,1710435600.8529072,1710435622.1523173
3369,DROPOUT,DROPOUT,DROPOUT,DROPOUT,1710435632.473158,1710435633.1426623,1710435638.0619776
3278,DROPOUT,DROPOUT,DROPOUT,DROPOUT,1710435651.6393733,1710435656.6902592,1710435668.793998
attention_2309,attention test failed
3207,DROPOUT,GRADUATE,DROPOUT,GRADUATE,1710435690.908957,1710435696.1258724,1710435705.981934
2692,GRADUATE,GRADUATE,GRADUATE,GRADUATE,1710435727.9443295,1710435734.4526381,1710435746.3167315
3576,GRADUATE,GRADUATE,GRADUATE,GRADUATE,1710435759.5582237,1710435761.662241,1710435770.3797634
262,DROPOUT,DROPOUT,DROPOUT,DROPOUT,1710435795.0571337,1710435799.97746,1710435807.1937761
1,22
2,FEMALE
3,YES,ChatGPT, Social Media
4,6
know,AGREE
fai_2,AGREE
fai_4,DISAGREE
rel_2,AGREE
com_3,DISAGREE
rel_1,DISAGREE
com_5,AGREE
com_2,AGREE
fai_5,DISAGREE
rel_5,NEUTRAL
com_1,NEUTRAL
attention test completed
fai_1,DISAGREE
fai_3,AGREE
