Prolific ID,616fecdd127553593aac3134
student_id,target,first_choice,ai_pred,second_choice,time1,time2,time3
tutorial_2309,GRADUATE,GRADUATE,GRADUATE,DROPOUT,1710435461.5443747,1710435465.1431801,1710435744.6462064
3709,DROPOUT,DROPOUT,GRADUATE,DROPOUT,1710435818.5512931,1710435820.8597553,1710435882.735485
1042,GRADUATE,GRADUATE,GRADUATE,DROPOUT,1710435944.2066147,1710435945.7782645,1710435980.7369
2980,GRADUATE,DROPOUT,DROPOUT,DROPOUT,1710436016.7213001,1710436022.768865,1710436038.937703
3369,DROPOUT,DROPOUT,DROPOUT,DROPOUT,1710436058.2898629,1710436071.3967211,1710436083.6361668
533,DROPOUT,GRADUATE,DROPOUT,DROPOUT,1710436099.652606,1710436101.4303236,1710436122.858733
2692,GRADUATE,DROPOUT,GRADUATE,DROPOUT,1710436149.8970695,1710436152.7400894,1710436169.4809477
attention_2309,attention test failed
3278,DROPOUT,DROPOUT,DROPOUT,DROPOUT,1710436248.9958408,1710436250.4602716,1710436263.6985233
3245,DROPOUT,GRADUATE,DROPOUT,GRADUATE,1710436303.1651292,1710436305.1900392,1710436326.2197044
3151,DROPOUT,DROPOUT,DROPOUT,DROPOUT,1710436371.3261008,1710436374.4277353,1710436411.2041616
2870,GRADUATE,GRADUATE,GRADUATE,GRADUATE,1710436429.7851925,1710436437.6249473,1710436462.0973399
1,30
2,MALE
3,YES,copilot on Microsoft edge.
4,8
know,AGREE
com_2,AGREE
fai_5,NEUTRAL
rel_5,AGREE
fai_1,AGREE
fai_2,STRONGLY AGREE
rel_1,AGREE
attention test completed
com_3,STRONGLY AGREE
rel_2,AGREE
fai_3,NEUTRAL
com_5,AGREE
com_1,NEUTRAL
fai_4,AGREE
