Prolific ID,61376ba6f5c778bbb8db6b1a
student_id,target,first_choice,ai_pred,second_choice,time1,time2,time3
tutorial_2309,GRADUATE,GRADUATE,GRADUATE,GRADUATE,1710435303.8167963,1710435306.1249452,1710435414.813223
3647,DROPOUT,DROPOUT,DROPOUT,DROPOUT,1710435458.8952053,1710435464.0437727,1710435499.2849936
2609,DROPOUT,GRADUATE,DROPOUT,DROPOUT,1710435530.515997,1710435536.8793943,1710435559.840948
3676,GRADUATE,DROPOUT,DROPOUT,DROPOUT,1710435574.1496444,1710435575.9455574,1710435591.5229936
3027,DROPOUT,DROPOUT,DROPOUT,DROPOUT,1710435612.1610134,1710435613.31014,1710435639.9765723
2980,GRADUATE,GRADUATE,DROPOUT,GRADUATE,1710435656.121309,1710435659.560006,1710435705.5418499
758,GRADUATE,DROPOUT,GRADUATE,GRADUATE,1710435723.0947692,1710435726.3450117,1710435767.4770966
attention_2309,attention test failed
2692,GRADUATE,GRADUATE,GRADUATE,GRADUATE,1710435826.1593032,1710435827.3693223,1710435833.0753074
3576,GRADUATE,DROPOUT,GRADUATE,GRADUATE,1710435885.1901588,1710435888.8408248,1710435897.9316628
1050,GRADUATE,DROPOUT,GRADUATE,DROPOUT,1710435907.1492543,1710435909.940359,1710435919.401132
68,DROPOUT,DROPOUT,GRADUATE,GRADUATE,1710435984.1160262,1710435986.6144547,1710436004.9912834
1,20
2,FEMALE
3,YES,In chatGPT
4,8
know,AGREE
com_5,STRONGLY AGREE
fai_1,AGREE
com_3,DISAGREE
rel_2,DISAGREE
rel_1,DISAGREE
attention test completed
rel_5,STRONGLY AGREE
com_1,AGREE
fai_5,AGREE
com_2,STRONGLY AGREE
fai_3,NEUTRAL
fai_2,DISAGREE
fai_4,STRONGLY DISAGREE
