Prolific ID,612d4b5efe0d1c9b7e0ccce0
student_id,target,first_choice,ai_pred,second_choice,time1,time2,time3
tutorial_2309,GRADUATE,GRADUATE,GRADUATE,GRADUATE,1710435388.5923765,1710435405.1533256,1710435502.502605
4107,DROPOUT,GRADUATE,GRADUATE,GRADUATE,1710435566.4167602,1710435568.931215,1710435592.8695855
533,DROPOUT,GRADUATE,DROPOUT,GRADUATE,1710435598.369321,1710435648.9268534,1710435719.2063787
3207,DROPOUT,GRADUATE,DROPOUT,GRADUATE,1710435767.6290526,1710435770.3735366,1710435831.5689135
2870,GRADUATE,GRADUATE,GRADUATE,GRADUATE,1710435862.9167159,1710435864.8196898,1710435879.8418446
3576,GRADUATE,GRADUATE,GRADUATE,GRADUATE,1710435912.1140225,1710435913.3895555,1710435930.6988952
3027,DROPOUT,DROPOUT,DROPOUT,DROPOUT,1710435969.1328976,1710435970.5383275,1710435986.33295
attention_2309,attention test completed
2358,GRADUATE,GRADUATE,GRADUATE,GRADUATE,1710436056.221541,1710436057.935411,1710436069.8658128
3278,DROPOUT,DROPOUT,DROPOUT,DROPOUT,1710436116.1018965,1710436120.460284,1710436135.8548057
3988,GRADUATE,GRADUATE,GRADUATE,GRADUATE,1710436173.0450432,1710436174.4838874,1710436181.1487184
3676,GRADUATE,DROPOUT,DROPOUT,DROPOUT,1710436214.64096,1710436215.696702,1710436226.3995352
1,32
2,FEMALE
3,YES,work in IT
4,6
know,AGREE
fai_4,DISAGREE
rel_5,AGREE
com_2,NEUTRAL
fai_1,DISAGREE
fai_2,STRONGLY DISAGREE
fai_3,STRONGLY DISAGREE
com_5,AGREE
attention test completed
fai_5,DISAGREE
rel_2,NEUTRAL
com_1,AGREE
com_3,AGREE
rel_1,AGREE
