Prolific ID,6113a0193b208bc3c0f4fdfb
student_id,target,first_choice,ai_pred,second_choice,time1,time2,time3
tutorial_2309,GRADUATE,GRADUATE,GRADUATE,GRADUATE,1710435150.3121524,1710435151.4569042,1710435170.1801562
3207,DROPOUT,DROPOUT,DROPOUT,DROPOUT,1710435209.3767838,1710435210.0565515,1710435217.2305446
3676,GRADUATE,DROPOUT,DROPOUT,DROPOUT,1710435260.1194937,1710435260.7117915,1710435265.55264
68,DROPOUT,DROPOUT,GRADUATE,DROPOUT,1710435306.6629999,1710435307.1597517,1710435315.6891415
66,GRADUATE,DROPOUT,GRADUATE,GRADUATE,1710435330.1057968,1710435331.3206234,1710435336.352955
2870,GRADUATE,GRADUATE,GRADUATE,GRADUATE,1710435362.0514293,1710435362.7312381,1710435366.16991
533,DROPOUT,DROPOUT,DROPOUT,DROPOUT,1710435400.5146475,1710435402.792461,1710435410.285505
attention_2309,attention test failed
2692,GRADUATE,GRADUATE,GRADUATE,GRADUATE,1710435450.0861628,1710435451.0504875,1710435454.369504
3278,DROPOUT,DROPOUT,DROPOUT,DROPOUT,1710435474.4335797,1710435476.6658058,1710435481.3167856
487,DROPOUT,DROPOUT,DROPOUT,DROPOUT,1710435503.4848042,1710435504.282135,1710435510.3065164
503,DROPOUT,DROPOUT,DROPOUT,DROPOUT,1710435528.5097127,1710435529.8890667,1710435534.1717858
1,24
2,MALE
3,YES,Chatgpt
4,6
know,STRONGLY AGREE
attention test completed
com_1,AGREE
rel_2,AGREE
com_3,STRONGLY AGREE
fai_5,AGREE
fai_4,NEUTRAL
rel_5,AGREE
com_5,AGREE
com_2,STRONGLY AGREE
fai_2,NEUTRAL
fai_3,DISAGREE
fai_1,NEUTRAL
rel_1,AGREE
