Prolific ID,64db888849e5590edaac22a1
student_id,target,first_choice,ai_pred,second_choice,time1,time2,time3
tutorial_2309,GRADUATE,GRADUATE,GRADUATE,GRADUATE,1710435833.5010335,1710435835.4884238,1710435951.3038208
3988,GRADUATE,GRADUATE,GRADUATE,GRADUATE,1710435985.781151,1710435987.9298306,1710436129.8390856
3576,GRADUATE,GRADUATE,GRADUATE,GRADUATE,1710436148.2280502,1710436148.8649762,1710436161.1566699
2980,GRADUATE,GRADUATE,DROPOUT,DROPOUT,1710436174.7096944,1710436175.525686,1710436181.008402
2609,DROPOUT,DROPOUT,DROPOUT,DROPOUT,1710436196.1000009,1710436197.0875556,1710436204.6470482
3027,DROPOUT,DROPOUT,DROPOUT,DROPOUT,1710436220.8151155,1710436221.4618437,1710436225.0116189
503,DROPOUT,DROPOUT,DROPOUT,DROPOUT,1710436237.6800046,1710436238.4795027,1710436241.7489767
attention_2309,attention test failed
3369,DROPOUT,DROPOUT,DROPOUT,DROPOUT,1710436281.3412356,1710436281.7058036,1710436285.3208842
2692,GRADUATE,GRADUATE,GRADUATE,GRADUATE,1710436301.7051454,1710436302.6312716,1710436306.2314837
629,GRADUATE,GRADUATE,GRADUATE,GRADUATE,1710436319.7283669,1710436320.5777743,1710436323.1140583
66,GRADUATE,DROPOUT,GRADUATE,GRADUATE,1710436340.3863156,1710436341.0424736,1710436346.7930112
1,0
2,FEMALE
3,YES,I'll use it when I have some doubt about something that I believe it would be faster to research if I ask it to an AI
4,9
know,AGREE
rel_2,STRONGLY AGREE
com_5,AGREE
fai_1,NEUTRAL
com_2,AGREE
rel_1,AGREE
fai_3,AGREE
com_3,NEUTRAL
com_1,AGREE
fai_5,NEUTRAL
rel_5,AGREE
fai_4,DISAGREE
attention test completed
fai_2,STRONGLY AGREE
