Prolific ID,64695626f4ab43c011bd53ca
student_id,target,first_choice,ai_pred,second_choice,time1,time2,time3
tutorial_2309,GRADUATE,GRADUATE,GRADUATE,GRADUATE,1710435294.5258949,1710435297.3992596,1710435421.2851698
4107,DROPOUT,GRADUATE,GRADUATE,GRADUATE,1710435517.7027757,1710435520.5375545,1710435551.349885
3027,DROPOUT,DROPOUT,DROPOUT,DROPOUT,1710435626.9316921,1710435629.8779185,1710435669.7518754
68,DROPOUT,DROPOUT,GRADUATE,GRADUATE,1710435726.6491477,1710435731.2225776,1710435773.7134411
533,DROPOUT,DROPOUT,DROPOUT,DROPOUT,1710435795.8223286,1710435802.7889116,1710435815.3018386
2692,GRADUATE,GRADUATE,GRADUATE,GRADUATE,1710435849.198786,1710435851.072996,1710435861.0827684
1042,GRADUATE,GRADUATE,GRADUATE,GRADUATE,1710435908.0836968,1710435910.688117,1710435919.8749475
attention_2309,attention test failed
1409,GRADUATE,GRADUATE,GRADUATE,GRADUATE,1710436023.6473427,1710436025.313109,1710436033.575784
4421,DROPOUT,GRADUATE,DROPOUT,DROPOUT,1710436076.3369365,1710436080.734856,1710436106.0509534
1050,GRADUATE,DROPOUT,GRADUATE,DROPOUT,1710436117.488925,1710436122.537752,1710436135.8491032
3278,DROPOUT,DROPOUT,DROPOUT,DROPOUT,1710436167.3652616,1710436170.7936618,1710436175.6449823
1,23
2,FEMALE
3,YES,Chat GPT
4,10
know,NEUTRAL
rel_2,AGREE
com_2,AGREE
fai_5,DISAGREE
fai_3,DISAGREE
rel_1,DISAGREE
fai_1,AGREE
com_1,NEUTRAL
com_5,AGREE
fai_4,DISAGREE
com_3,NEUTRAL
fai_2,DISAGREE
attention test completed
rel_5,AGREE
