Prolific ID,6596baaac0c0316cb66c0828
student_id,target,first_choice,ai_pred,second_choice,time1,time2,time3
tutorial_2309,GRADUATE,GRADUATE,GRADUATE,GRADUATE,1710435347.3820393,1710435350.340881,1710435409.2770143
2642,DROPOUT,DROPOUT,DROPOUT,DROPOUT,1710435461.4121616,1710435463.9178016,1710435474.312994
3369,DROPOUT,DROPOUT,DROPOUT,DROPOUT,1710435512.1412976,1710435515.7171009,1710435536.2646527
66,GRADUATE,DROPOUT,GRADUATE,DROPOUT,1710435577.9783874,1710435579.8169687,1710435632.1806695
3647,DROPOUT,DROPOUT,DROPOUT,DROPOUT,1710435670.9258285,1710435674.0592597,1710435694.8169699
3224,DROPOUT,DROPOUT,GRADUATE,GRADUATE,1710435751.6276002,1710435754.7936833,1710435790.5027723
262,DROPOUT,GRADUATE,DROPOUT,DROPOUT,1710435839.95698,1710435841.7271938,1710435867.140976
attention_2309,attention test failed
4421,DROPOUT,GRADUATE,DROPOUT,DROPOUT,1710435981.304036,1710435998.8838077,1710436016.882841
2870,GRADUATE,GRADUATE,GRADUATE,GRADUATE,1710436062.3079817,1710436064.6817892,1710436077.2914495
1833,DROPOUT,DROPOUT,DROPOUT,DROPOUT,1710436124.4226096,1710436125.2756054,1710436135.41126
758,GRADUATE,GRADUATE,GRADUATE,GRADUATE,1710436174.138183,1710436175.5184472,1710436182.4778242
1,39
2,FEMALE
3,YES,Searching for tools to suport me at work.
4,8
know,NEUTRAL
com_5,NEUTRAL
fai_1,STRONGLY DISAGREE
rel_1,AGREE
rel_5,NEUTRAL
fai_4,STRONGLY DISAGREE
com_2,NEUTRAL
fai_3,AGREE
attention test completed
rel_2,NEUTRAL
com_3,DISAGREE
fai_2,AGREE
com_1,AGREE
fai_5,NEUTRAL
