Prolific ID,652ae554aab4f12eaae740c0
student_id,target,first_choice,ai_pred,second_choice,time1,time2,time3
Prolific ID,652ae554aab4f12eaae740c0
student_id,target,first_choice,ai_pred,second_choice,time1,time2,time3
tutorial_2309,GRADUATE,GRADUATE,GRADUATE,GRADUATE,1710435737.6895752,1710435740.000911,1710435836.9568546
66,GRADUATE,DROPOUT,GRADUATE,DROPOUT,1710435886.369059,1710435892.8537793,1710435913.8069406
758,GRADUATE,GRADUATE,GRADUATE,GRADUATE,1710435958.596897,1710435960.1576188,1710435975.4803488
2980,GRADUATE,GRADUATE,DROPOUT,GRADUATE,1710436005.5529985,1710436010.1210835,1710436073.5876606
1050,GRADUATE,GRADUATE,GRADUATE,GRADUATE,1710436100.8491235,1710436105.735749,1710436123.9829836
1125,GRADUATE,GRADUATE,GRADUATE,GRADUATE,1710436140.4237187,1710436141.9745886,1710436151.9910905
3988,GRADUATE,GRADUATE,GRADUATE,GRADUATE,1710436228.150739,1710436229.9085808,1710436247.7639718
attention_2309,attention test completed
3278,DROPOUT,DROPOUT,DROPOUT,DROPOUT,1710436329.4928262,1710436330.6191573,1710436348.3655858
2358,GRADUATE,GRADUATE,GRADUATE,GRADUATE,1710436369.581447,1710436371.1714585,1710436390.523328
262,DROPOUT,DROPOUT,DROPOUT,DROPOUT,1710436409.1428185,1710436410.1330478,1710436450.9940107
487,DROPOUT,DROPOUT,DROPOUT,DROPOUT,1710436476.2084634,1710436476.9110024,1710436495.1071532
1,21
2,FEMALE
3,YES,A friend recommended it to me when I was studying for an exam
4,9
know,NEUTRAL
com_1,AGREE
fai_4,NEUTRAL
fai_3,AGREE
fai_5,AGREE
com_3,AGREE
rel_2,DISAGREE
rel_1,AGREE
fai_2,DISAGREE
attention test completed
rel_5,AGREE
com_5,AGREE
fai_1,AGREE
com_2,NEUTRAL
