Prolific ID,65747e58b960df27deffd8bd
student_id,target,first_choice,ai_pred,second_choice,time1,time2,time3
tutorial_2309,GRADUATE,GRADUATE,GRADUATE,GRADUATE,1710437877.507153,1710437878.5903454,1710438134.010891
1833,DROPOUT,DROPOUT,DROPOUT,DROPOUT,1710438185.925311,1710438186.9825912,1710438195.560467
2980,GRADUATE,DROPOUT,DROPOUT,DROPOUT,1710438198.212515,1710438198.867879,1710438210.4198046
262,DROPOUT,GRADUATE,DROPOUT,DROPOUT,1710438251.4346938,1710438252.330146,1710438261.1355934
223,GRADUATE,DROPOUT,GRADUATE,GRADUATE,1710438263.7418826,1710438264.4078672,1710438289.7068846
3647,DROPOUT,GRADUATE,DROPOUT,DROPOUT,1710438292.0716321,1710438293.277059,1710438301.6277015
3224,DROPOUT,GRADUATE,GRADUATE,DROPOUT,1710438322.4112363,1710438323.1713321,1710438332.7085133
attention_2309,attention test failed
2358,GRADUATE,GRADUATE,GRADUATE,GRADUATE,1710438356.7687933,1710438361.9207222,1710438367.1741023
3676,GRADUATE,DROPOUT,DROPOUT,DROPOUT,1710438380.7973394,1710438381.701175,1710438386.7722385
3245,DROPOUT,DROPOUT,DROPOUT,DROPOUT,1710438389.232173,1710438389.712512,1710438398.3085864
629,GRADUATE,DROPOUT,GRADUATE,GRADUATE,1710438410.5336995,1710438411.2359314,1710438423.968306
1,39
2,FEMALE
3,NO,
4,8
know,STRONGLY DISAGREE
com_5,NEUTRAL
fai_2,DISAGREE
com_3,DISAGREE
rel_2,NEUTRAL
attention test completed
fai_3,DISAGREE
fai_1,DISAGREE
fai_4,NEUTRAL
com_1,DISAGREE
rel_1,DISAGREE
fai_5,DISAGREE
com_2,DISAGREE
rel_5,AGREE
