Prolific ID,5bbcf0fc6b9c97000189f6bb
student_id,target,first_choice,ai_pred,second_choice,time1,time2,time3
tutorial_2309,GRADUATE,GRADUATE,GRADUATE,GRADUATE,1710435260.0184696,1710435262.192788,1710435382.9172034
2642,DROPOUT,DROPOUT,DROPOUT,DROPOUT,1710435441.3688848,1710435443.0065925,1710435477.673981
3576,GRADUATE,DROPOUT,GRADUATE,GRADUATE,1710435531.7538702,1710435535.4019141,1710435550.0211248
1042,GRADUATE,GRADUATE,GRADUATE,GRADUATE,1710435597.4969451,1710435598.8293571,1710435609.1008983
3588,GRADUATE,GRADUATE,GRADUATE,GRADUATE,1710435652.5632763,1710435657.2930505,1710435669.4723294
3278,DROPOUT,DROPOUT,DROPOUT,DROPOUT,1710435700.1683404,1710435701.591776,1710435728.721298
758,GRADUATE,GRADUATE,GRADUATE,GRADUATE,1710435753.3905606,1710435754.7892413,1710435770.679022
attention_2309,attention test completed
3224,DROPOUT,DROPOUT,GRADUATE,DROPOUT,1710435818.399484,1710435821.280738,1710435832.2136438
3245,DROPOUT,GRADUATE,DROPOUT,GRADUATE,1710435846.6378622,1710435847.6685836,1710435868.3604736
3369,DROPOUT,DROPOUT,DROPOUT,DROPOUT,1710435889.5550084,1710435891.3948286,1710435910.0735822
533,DROPOUT,GRADUATE,DROPOUT,DROPOUT,1710435949.7572234,1710435953.0248988,1710435968.4711823
1,39
2,MALE
3,YES,Through work
4,11
know,AGREE
com_3,AGREE
com_2,AGREE
rel_1,NEUTRAL
rel_5,AGREE
com_5,AGREE
com_1,AGREE
fai_3,NEUTRAL
fai_4,NEUTRAL
fai_2,DISAGREE
attention test completed
fai_1,NEUTRAL
rel_2,AGREE
fai_5,NEUTRAL
