Prolific ID,5d96dc63334c5c00175db42c
student_id,target,first_choice,ai_pred,second_choice,time1,time2,time3
tutorial_2309,GRADUATE,GRADUATE,GRADUATE,GRADUATE,1710435203.3153436,1710435205.4601095,1710435275.5871053
3027,DROPOUT,DROPOUT,DROPOUT,DROPOUT,1710435329.424313,1710435330.5194054,1710435376.6890328
2870,GRADUATE,GRADUATE,GRADUATE,GRADUATE,1710435447.9473333,1710435448.88968,1710435495.8693292
3369,DROPOUT,DROPOUT,DROPOUT,DROPOUT,1710435521.06063,1710435525.833152,1710435563.4570107
3676,GRADUATE,DROPOUT,DROPOUT,DROPOUT,1710435598.1451628,1710435599.40016,1710435618.9903493
3576,GRADUATE,DROPOUT,GRADUATE,DROPOUT,1710435659.263909,1710435665.518287,1710435742.188023
758,GRADUATE,GRADUATE,GRADUATE,GRADUATE,1710435782.9554253,1710435784.8974824,1710435801.9935007
attention_2309,attention test completed
223,GRADUATE,GRADUATE,GRADUATE,GRADUATE,1710435893.5698934,1710435896.7235928,1710435914.3060737
68,DROPOUT,DROPOUT,GRADUATE,DROPOUT,1710435970.697226,1710435973.7568977,1710436004.59132
3988,GRADUATE,GRADUATE,GRADUATE,GRADUATE,1710436037.3527768,1710436038.2633085,1710436049.9145863
629,GRADUATE,GRADUATE,GRADUATE,GRADUATE,1710436101.8410308,1710436102.920903,1710436113.9245248
1,60
2,MALE
3,YES,Chat GTP
4,10
know,STRONGLY AGREE
rel_5,STRONGLY AGREE
fai_4,AGREE
com_5,AGREE
com_2,STRONGLY AGREE
fai_5,AGREE
com_3,AGREE
fai_3,NEUTRAL
fai_2,DISAGREE
attention test completed
rel_2,AGREE
fai_1,DISAGREE
rel_1,NEUTRAL
com_1,NEUTRAL
