Prolific ID,5d6e3252dfe6d10001dbe508
student_id,target,first_choice,ai_pred,second_choice,time1,time2,time3
tutorial_2309,GRADUATE,GRADUATE,GRADUATE,GRADUATE,1710442531.6660442,1710442532.9205227,1710442679.93175
1125,GRADUATE,GRADUATE,GRADUATE,GRADUATE,1710442736.3588877,1710442737.0997708,1710442743.8948863
2870,GRADUATE,DROPOUT,GRADUATE,GRADUATE,1710442806.3822663,1710442807.414167,1710442822.6625192
1833,DROPOUT,DROPOUT,DROPOUT,DROPOUT,1710442866.8691535,1710442867.6200435,1710442873.6913807
2642,DROPOUT,DROPOUT,DROPOUT,DROPOUT,1710442919.1120048,1710442919.8022456,1710442927.142698
758,GRADUATE,GRADUATE,GRADUATE,GRADUATE,1710442966.9594548,1710442967.705306,1710442973.5264041
3224,DROPOUT,GRADUATE,GRADUATE,GRADUATE,1710443073.3948324,1710443074.0263035,1710443078.7698076
attention_2309,attention test failed
629,GRADUATE,GRADUATE,GRADUATE,GRADUATE,1710443123.4469593,1710443124.1257012,1710443129.9700046
68,DROPOUT,GRADUATE,GRADUATE,GRADUATE,1710443185.09734,1710443186.0750315,1710443192.6676414
3369,DROPOUT,DROPOUT,DROPOUT,DROPOUT,1710443250.3703597,1710443258.1034832,1710443270.9865396
3576,GRADUATE,GRADUATE,GRADUATE,GRADUATE,1710443323.4418344,1710443324.107389,1710443332.0243871
1,28
2,MALE
3,YES,I first encountered AI through an image generator, and later learned about ChatGPT on the Internet.
4,9
know,AGREE
attention test completed
com_3,STRONGLY AGREE
fai_3,AGREE
com_5,STRONGLY AGREE
com_2,AGREE
fai_4,NEUTRAL
fai_1,AGREE
rel_1,NEUTRAL
fai_5,DISAGREE
rel_5,AGREE
fai_2,NEUTRAL
com_1,AGREE
rel_2,AGREE
