Prolific ID,5d2faa74f821ee0019317da6
student_id,target,first_choice,ai_pred,second_choice,time1,time2,time3
tutorial_2309,GRADUATE,GRADUATE,GRADUATE,GRADUATE,1710435771.4329317,1710435774.8165438,1710436116.7842102
3647,DROPOUT,DROPOUT,DROPOUT,DROPOUT,1710436340.0932703,1710436341.3394673,1710436425.1242993
66,GRADUATE,DROPOUT,GRADUATE,GRADUATE,1710436489.025949,1710436489.6008928,1710436495.3108697
4421,DROPOUT,GRADUATE,DROPOUT,GRADUATE,1710436520.237818,1710436521.0317411,1710436566.7247813
503,DROPOUT,DROPOUT,DROPOUT,DROPOUT,1710436594.837059,1710436595.5537896,1710436598.6278083
3369,DROPOUT,DROPOUT,DROPOUT,DROPOUT,1710436664.607699,1710436665.1628969,1710436670.2056875
3988,GRADUATE,DROPOUT,GRADUATE,GRADUATE,1710436696.5221183,1710436696.840607,1710436704.4002135
attention_2309,attention test failed
1042,GRADUATE,GRADUATE,GRADUATE,GRADUATE,1710436761.2241745,1710436761.7814841,1710436764.788923
2358,GRADUATE,GRADUATE,GRADUATE,GRADUATE,1710436783.8719335,1710436784.2960906,1710436787.6017284
533,DROPOUT,DROPOUT,DROPOUT,DROPOUT,1710436809.741097,1710436810.0159564,1710436813.6108072
1125,GRADUATE,GRADUATE,GRADUATE,GRADUATE,1710436835.8356085,1710436836.3333786,1710436839.473071
1,21
2,MALE
3,YES,AI tools make my work easier
4,9
know,AGREE
fai_1,STRONGLY AGREE
com_3,STRONGLY AGREE
fai_5,NEUTRAL
com_1,AGREE
fai_3,STRONGLY AGREE
fai_4,NEUTRAL
rel_1,AGREE
rel_2,STRONGLY AGREE
attention test completed
com_2,STRONGLY AGREE
rel_5,STRONGLY AGREE
fai_2,STRONGLY AGREE
com_5,STRONGLY AGREE
