Prolific ID,5e81efd1fdc8d601701db62b
student_id,target,first_choice,ai_pred,second_choice,time1,time2,time3
tutorial_2309,GRADUATE,GRADUATE,GRADUATE,GRADUATE,1710435355.654172,1710435358.6913502,1710435411.6402788
3576,GRADUATE,DROPOUT,GRADUATE,DROPOUT,1710435431.337506,1710435433.3088546,1710435450.9300811
2642,DROPOUT,DROPOUT,DROPOUT,DROPOUT,1710435460.6774745,1710435464.4679458,1710435483.2387807
872,GRADUATE,DROPOUT,DROPOUT,DROPOUT,1710435503.8857977,1710435507.101821,1710435523.2732913
3588,GRADUATE,GRADUATE,GRADUATE,GRADUATE,1710435545.77105,1710435549.4878168,1710435577.9857492
2609,DROPOUT,DROPOUT,DROPOUT,DROPOUT,1710435595.1279347,1710435597.27338,1710435611.043605
2870,GRADUATE,GRADUATE,GRADUATE,GRADUATE,1710435633.909163,1710435637.0288718,1710435651.6376674
2870,GRADUATE,GRADUATE,GRADUATE,GRADUATE,1710435633.909163,1710435637.0288718,1710435659.1256638
3709,DROPOUT,DROPOUT,GRADUATE,GRADUATE,1710435684.3874786,1710435686.9369936,1710435698.441459
3278,DROPOUT,GRADUATE,DROPOUT,GRADUATE,1710435712.5949051,1710435716.9170945,1710435732.2252216
3224,DROPOUT,DROPOUT,GRADUATE,GRADUATE,1710435743.9250915,1710435748.08552,1710435768.5007095
3988,GRADUATE,DROPOUT,GRADUATE,DROPOUT,1710435777.5779762,1710435782.954968,1710435797.703225
1,0
2,FEMALE
3,YES,I use it for research  and personal projects
4,0
know,AGREE
com_5,NEUTRAL
fai_2,STRONGLY DISAGREE
rel_1,DISAGREE
com_1,DISAGREE
fai_4,DISAGREE
com_2,DISAGREE
fai_1,DISAGREE
fai_5,STRONGLY AGREE
rel_5,DISAGREE
com_3,NEUTRAL
rel_2,NEUTRAL
fai_3,STRONGLY DISAGREE
attention test completed
