Prolific ID,5ebda81ca63a900da8997a09
student_id,target,first_choice,ai_pred,second_choice,time1,time2,time3
tutorial_2309,GRADUATE,GRADUATE,GRADUATE,GRADUATE,1710435245.1897728,1710435248.9490824,1710435455.4276493
262,DROPOUT,GRADUATE,DROPOUT,GRADUATE,1710435520.9346635,1710435526.3224776,1710435597.268145
487,DROPOUT,DROPOUT,DROPOUT,DROPOUT,1710435642.1130273,1710435653.6230674,1710435699.8593323
872,GRADUATE,GRADUATE,DROPOUT,GRADUATE,1710435749.398984,1710435752.0731206,1710435801.4784894
2609,DROPOUT,DROPOUT,DROPOUT,DROPOUT,1710435839.522309,1710435841.2968254,1710435860.7630146
3151,DROPOUT,DROPOUT,DROPOUT,DROPOUT,1710435924.320867,1710435925.75881,1710435948.4084406
2358,GRADUATE,DROPOUT,GRADUATE,GRADUATE,1710435959.878107,1710435963.3543932,1710436003.8789294
attention_2309,attention test completed
3278,DROPOUT,DROPOUT,DROPOUT,DROPOUT,1710436107.9474475,1710436109.8446562,1710436159.271029
2980,GRADUATE,GRADUATE,DROPOUT,GRADUATE,1710436197.7648516,1710436198.8730764,1710436261.8212292
3369,DROPOUT,DROPOUT,DROPOUT,DROPOUT,1710436295.4031227,1710436299.6794033,1710436323.421004
2642,DROPOUT,DROPOUT,DROPOUT,DROPOUT,1710436343.1911578,1710436344.456793,1710436364.932127
1,24
2,MALE
3,YES,Using prompt based generated text ai tools, such as chat gpt , microsoft pilot and google gemini
4,6
know,AGREE
rel_2,AGREE
com_5,NEUTRAL
com_1,NEUTRAL
fai_4,DISAGREE
rel_5,STRONGLY AGREE
fai_2,DISAGREE
attention test completed
fai_1,DISAGREE
fai_3,NEUTRAL
com_2,NEUTRAL
fai_5,DISAGREE
com_3,AGREE
rel_1,DISAGREE
