Prolific ID,5e792d23c826500d4c0ccec0
student_id,target,first_choice,ai_pred,second_choice,time1,time2,time3
tutorial_2309,GRADUATE,GRADUATE,GRADUATE,GRADUATE,1710435355.6578948,1710435359.7556872,1710435502.1611884
3027,DROPOUT,DROPOUT,DROPOUT,GRADUATE,1710435567.1837313,1710435569.216853,1710435618.1384268
4421,DROPOUT,GRADUATE,DROPOUT,DROPOUT,1710435673.5021076,1710435677.256314,1710435696.6730232
872,GRADUATE,DROPOUT,DROPOUT,DROPOUT,1710435703.9812841,1710435709.7935522,1710435725.3728874
3369,DROPOUT,DROPOUT,DROPOUT,DROPOUT,1710435749.4053333,1710435752.836924,1710435768.0611389
503,DROPOUT,DROPOUT,DROPOUT,DROPOUT,1710435777.8795633,1710435786.305811,1710435800.869284
1050,GRADUATE,DROPOUT,GRADUATE,GRADUATE,1710435807.9900568,1710435814.5254667,1710435838.7911644
attention_2309,attention test completed
533,DROPOUT,DROPOUT,DROPOUT,DROPOUT,1710435918.9722915,1710435921.2427168,1710435954.5383506
629,GRADUATE,DROPOUT,GRADUATE,GRADUATE,1710435980.8738165,1710435984.764888,1710436008.203738
68,DROPOUT,GRADUATE,GRADUATE,GRADUATE,1710436029.901871,1710436033.8744035,1710436053.029513
1125,GRADUATE,GRADUATE,GRADUATE,GRADUATE,1710436074.8061748,1710436079.824001,1710436094.0649204
1,53
2,FEMALE
3,YES,at my work
4,8
know,AGREE
com_5,AGREE
rel_1,STRONGLY AGREE
rel_5,AGREE
com_2,AGREE
rel_2,AGREE
fai_1,AGREE
com_1,AGREE
fai_5,AGREE
attention test completed
fai_3,NEUTRAL
com_3,AGREE
fai_2,NEUTRAL
fai_4,AGREE
