Prolific ID,5ed02ffb8090240f93ab74ad
student_id,target,first_choice,ai_pred,second_choice,time1,time2,time3
tutorial_2309,GRADUATE,GRADUATE,GRADUATE,GRADUATE,1710439541.7653656,1710439543.498802,1710439633.3764083
3988,GRADUATE,DROPOUT,GRADUATE,GRADUATE,1710439705.605674,1710439706.5628452,1710439750.4601738
503,DROPOUT,GRADUATE,DROPOUT,DROPOUT,1710439803.424784,1710439804.2186913,1710439833.4673624
629,GRADUATE,GRADUATE,GRADUATE,GRADUATE,1710439879.0040164,1710439879.6704063,1710439917.8922079
3027,DROPOUT,DROPOUT,DROPOUT,DROPOUT,1710439987.6137648,1710439988.31296,1710439998.893222
2980,GRADUATE,DROPOUT,DROPOUT,DROPOUT,1710440082.2052233,1710440082.9204326,1710440095.4210057
2609,DROPOUT,DROPOUT,DROPOUT,DROPOUT,1710440130.972932,1710440131.987416,1710440149.8616345
attention_2309,attention test failed
2692,GRADUATE,GRADUATE,GRADUATE,GRADUATE,1710440314.3219142,1710440315.792486,1710440324.5120854
758,GRADUATE,GRADUATE,GRADUATE,GRADUATE,1710440364.5810013,1710440365.7929475,1710440401.2683558
1833,DROPOUT,DROPOUT,DROPOUT,DROPOUT,1710440426.2457814,1710440430.2320602,1710440441.4820545
3207,DROPOUT,GRADUATE,DROPOUT,DROPOUT,1710440464.4383962,1710440465.1530786,1710440471.618613
1,24
2,FEMALE
3,YES,ChatGPT
4,9
know,AGREE
rel_5,STRONGLY AGREE
fai_3,NEUTRAL
com_1,STRONGLY AGREE
rel_2,STRONGLY AGREE
com_2,STRONGLY AGREE
com_5,STRONGLY AGREE
fai_4,STRONGLY AGREE
attention test completed
rel_1,STRONGLY AGREE
fai_2,STRONGLY AGREE
com_3,STRONGLY AGREE
fai_5,STRONGLY AGREE
fai_1,STRONGLY AGREE
