Prolific ID,5e84b9cd3c01b3072fac9470
student_id,target,first_choice,ai_pred,second_choice,time1,time2,time3
tutorial_2309,GRADUATE,GRADUATE,GRADUATE,GRADUATE,1710435239.0074668,1710435241.6585994,1710435327.2668762
2642,DROPOUT,DROPOUT,DROPOUT,DROPOUT,1710435370.3451407,1710435375.2949247,1710435396.787719
2358,GRADUATE,GRADUATE,GRADUATE,GRADUATE,1710435425.8029828,1710435426.8017588,1710435444.1507797
1833,DROPOUT,GRADUATE,DROPOUT,DROPOUT,1710435467.803364,1710435468.930889,1710435548.6698675
3588,GRADUATE,GRADUATE,GRADUATE,GRADUATE,1710435574.407897,1710435575.6650271,1710435596.089133
3151,DROPOUT,DROPOUT,DROPOUT,DROPOUT,1710435613.4751694,1710435617.3209894,1710435631.7118208
503,DROPOUT,DROPOUT,DROPOUT,DROPOUT,1710435659.8575487,1710435664.7698207,1710435686.1489851
attention_2309,attention test failed
3224,DROPOUT,DROPOUT,GRADUATE,GRADUATE,1710435738.2849028,1710435739.0276024,1710435754.9381692
2870,GRADUATE,GRADUATE,GRADUATE,GRADUATE,1710435769.8606095,1710435772.8807206,1710435783.532755
3245,DROPOUT,GRADUATE,DROPOUT,GRADUATE,1710435799.8320096,1710435801.482119,1710435814.3773074
533,DROPOUT,DROPOUT,DROPOUT,DROPOUT,1710435834.7457287,1710435836.390354,1710435845.3524568
1,28
2,FEMALE
3,YES,chat gpt
4,9
know,NEUTRAL
com_1,AGREE
rel_2,AGREE
rel_1,AGREE
fai_2,NEUTRAL
attention test completed
fai_1,NEUTRAL
com_5,AGREE
rel_5,AGREE
com_2,AGREE
fai_4,DISAGREE
fai_5,DISAGREE
com_3,NEUTRAL
fai_3,NEUTRAL
