Prolific ID,5fa97379b6ebc411c1a99fff
student_id,target,first_choice,ai_pred,second_choice,time1,time2,time3
tutorial_2309,GRADUATE,GRADUATE,GRADUATE,GRADUATE,1710435277.4373002,1710435278.7888558,1710435393.775104
2980,GRADUATE,GRADUATE,DROPOUT,GRADUATE,1710435468.5335855,1710435471.6168747,1710435529.0032215
3207,DROPOUT,GRADUATE,DROPOUT,GRADUATE,1710435551.8453257,1710435559.1643913,1710435603.9941714
262,DROPOUT,GRADUATE,DROPOUT,GRADUATE,1710435641.96125,1710435644.8935804,1710435684.8774471
4107,DROPOUT,GRADUATE,GRADUATE,GRADUATE,1710435721.9091244,1710435723.544176,1710435744.3613968
503,DROPOUT,GRADUATE,DROPOUT,DROPOUT,1710435779.113226,1710435781.918155,1710435816.2754586
3709,DROPOUT,GRADUATE,GRADUATE,GRADUATE,1710435849.5488539,1710435850.7121131,1710435861.5671582
attention_2309,attention test failed
758,GRADUATE,GRADUATE,GRADUATE,GRADUATE,1710435920.8989153,1710435922.0762036,1710435927.4884195
533,DROPOUT,DROPOUT,DROPOUT,DROPOUT,1710435960.4389791,1710435962.2142153,1710435974.3790164
3588,GRADUATE,GRADUATE,GRADUATE,GRADUATE,1710435981.0138512,1710435985.929972,1710435991.0184839
1050,GRADUATE,DROPOUT,GRADUATE,DROPOUT,1710436004.8546197,1710436008.053513,1710436047.725226
1,25
2,MALE
3,YES,computer science student
4,10
know,AGREE
com_3,AGREE
com_2,AGREE
fai_4,NEUTRAL
fai_2,AGREE
attention test completed
com_1,STRONGLY AGREE
fai_5,NEUTRAL
fai_1,STRONGLY AGREE
fai_3,NEUTRAL
rel_5,AGREE
com_5,AGREE
rel_1,AGREE
rel_2,NEUTRAL
