Prolific ID,5fbad1fdefe4a5b5967417db
student_id,target,first_choice,ai_pred,second_choice,time1,time2,time3
tutorial_2309,GRADUATE,GRADUATE,GRADUATE,GRADUATE,1710435627.9940157,1710435636.578331,1710435748.3696208
4421,DROPOUT,DROPOUT,DROPOUT,DROPOUT,1710435885.4946826,1710435890.9372637,1710435939.5266616
66,GRADUATE,DROPOUT,GRADUATE,DROPOUT,1710435965.557931,1710435966.9535341,1710435998.732828
872,GRADUATE,GRADUATE,DROPOUT,GRADUATE,1710436036.7035077,1710436037.8285048,1710436077.0199924
3245,DROPOUT,GRADUATE,DROPOUT,DROPOUT,1710436103.89458,1710436104.8559256,1710436114.6762962
1050,GRADUATE,DROPOUT,GRADUATE,DROPOUT,1710436132.967191,1710436135.4165072,1710436160.5761685
629,GRADUATE,DROPOUT,GRADUATE,GRADUATE,1710436195.6436238,1710436196.4677927,1710436216.5176778
attention_2309,attention test failed
503,DROPOUT,DROPOUT,DROPOUT,DROPOUT,1710436274.9756725,1710436275.8989704,1710436284.4877958
68,DROPOUT,DROPOUT,GRADUATE,DROPOUT,1710436305.1935377,1710436306.7432845,1710436314.6115782
3369,DROPOUT,GRADUATE,DROPOUT,DROPOUT,1710436335.902054,1710436336.632217,1710436354.1857743
2870,GRADUATE,GRADUATE,GRADUATE,GRADUATE,1710436382.7538903,1710436383.6541872,1710436400.016924
1,25
2,FEMALE
3,YES,ChatGPT
4,9
know,STRONGLY AGREE
rel_1,AGREE
rel_5,STRONGLY AGREE
com_3,STRONGLY AGREE
com_5,STRONGLY AGREE
fai_5,AGREE
attention test completed
fai_3,AGREE
fai_1,AGREE
fai_2,DISAGREE
rel_2,AGREE
com_1,STRONGLY AGREE
com_2,AGREE
fai_4,AGREE
