Prolific ID,5f4b5e6d030fef723ba00807
student_id,target,first_choice,ai_pred,second_choice,time1,time2,time3
tutorial_2309,GRADUATE,GRADUATE,GRADUATE,GRADUATE,1710435440.7614186,1710435448.5808537,1710435565.4891644
503,DROPOUT,DROPOUT,DROPOUT,DROPOUT,1710435620.34686,1710435621.7295113,1710435658.4636817
4107,DROPOUT,GRADUATE,GRADUATE,GRADUATE,1710435692.8415976,1710435695.0998747,1710435718.6769023
223,GRADUATE,GRADUATE,GRADUATE,GRADUATE,1710435758.6638784,1710435760.3429356,1710435776.6505408
3709,DROPOUT,GRADUATE,GRADUATE,GRADUATE,1710435803.383637,1710435804.4650633,1710435820.2856805
2609,DROPOUT,DROPOUT,DROPOUT,DROPOUT,1710435845.947839,1710435846.5213065,1710435904.7599134
2980,GRADUATE,GRADUATE,DROPOUT,DROPOUT,1710435950.3531594,1710435952.5807855,1710435982.9919436
attention_2309,attention test failed
872,GRADUATE,GRADUATE,DROPOUT,DROPOUT,1710436058.4302616,1710436060.5369177,1710436072.6162765
758,GRADUATE,GRADUATE,GRADUATE,GRADUATE,1710436093.2188008,1710436100.410011,1710436110.0015185
533,DROPOUT,DROPOUT,DROPOUT,DROPOUT,1710436132.7044523,1710436136.158819,1710436141.4981809
68,DROPOUT,DROPOUT,GRADUATE,GRADUATE,1710436165.0238166,1710436165.5743084,1710436179.3230898
1,26
2,FEMALE
3,NO,
4,8
know,AGREE
com_5,AGREE
fai_2,NEUTRAL
fai_1,NEUTRAL
com_1,AGREE
com_2,AGREE
rel_1,NEUTRAL
fai_4,NEUTRAL
fai_3,NEUTRAL
rel_2,AGREE
com_3,NEUTRAL
fai_5,NEUTRAL
attention test completed
rel_5,AGREE
