Prolific ID,5fd0c81fc79aef1882cbee94
student_id,target,first_choice,ai_pred,second_choice,time1,time2,time3
tutorial_2309,GRADUATE,DROPOUT,GRADUATE,GRADUATE,1710441106.2285748,1710441107.5007265,1710441255.4947438
1050,GRADUATE,DROPOUT,GRADUATE,GRADUATE,1710441275.7407653,1710441276.3406794,1710441449.0073721
2358,GRADUATE,GRADUATE,GRADUATE,GRADUATE,1710441458.0221045,1710441459.9595306,1710441478.8897648
1833,DROPOUT,DROPOUT,DROPOUT,DROPOUT,1710442196.1022747,1710442197.669814,1710442203.6302278
3151,DROPOUT,GRADUATE,DROPOUT,DROPOUT,1710442212.9473639,1710442214.3819656,1710442225.6281004
3027,DROPOUT,DROPOUT,DROPOUT,DROPOUT,1710442237.1771276,1710442237.5782247,1710442240.4829502
487,DROPOUT,DROPOUT,DROPOUT,DROPOUT,1710442245.8164268,1710442246.1903527,1710442255.0966997
attention_2309,attention test failed
533,DROPOUT,GRADUATE,DROPOUT,DROPOUT,1710442276.9008782,1710442277.4303706,1710442284.7463489
3709,DROPOUT,DROPOUT,GRADUATE,DROPOUT,1710442290.2901678,1710442290.8374858,1710442296.0643384
2980,GRADUATE,GRADUATE,DROPOUT,DROPOUT,1710442302.2189913,1710442302.7817469,1710442306.766578
2609,DROPOUT,DROPOUT,DROPOUT,DROPOUT,1710442314.2685494,1710442315.014245,1710442317.9913878
1,23
2,MALE
3,NO,
4,8
know,AGREE
fai_3,NEUTRAL
com_5,AGREE
com_2,AGREE
fai_2,DISAGREE
rel_1,AGREE
fai_1,DISAGREE
fai_4,AGREE
rel_2,AGREE
com_3,NEUTRAL
attention test completed
fai_5,AGREE
rel_5,AGREE
com_1,AGREE
