Prolific ID,60314958cfca8a0515e3e22f
student_id,target,first_choice,ai_pred,second_choice,time1,time2,time3
tutorial_2309,GRADUATE,GRADUATE,GRADUATE,GRADUATE,1710435229.6662736,1710435233.478764,1710435406.8093452
223,GRADUATE,GRADUATE,GRADUATE,GRADUATE,1710435469.1966414,1710435471.0728579,1710435503.880687
3647,DROPOUT,DROPOUT,DROPOUT,DROPOUT,1710435519.0190463,1710435523.2650263,1710435550.1776047
3278,DROPOUT,GRADUATE,DROPOUT,GRADUATE,1710435578.8333406,1710435581.6016848,1710435624.7402003
66,GRADUATE,DROPOUT,GRADUATE,GRADUATE,1710435641.5502708,1710435650.5090942,1710435734.0728626
1833,DROPOUT,GRADUATE,DROPOUT,DROPOUT,1710435751.3228514,1710435753.6488965,1710435781.60247
68,DROPOUT,DROPOUT,GRADUATE,DROPOUT,1710435798.4159207,1710435802.9183502,1710435839.3686986
attention_2309,attention test failed
1409,GRADUATE,GRADUATE,GRADUATE,GRADUATE,1710435887.4929264,1710435889.349914,1710435899.0050728
533,DROPOUT,DROPOUT,DROPOUT,DROPOUT,1710435929.3728318,1710435932.8233807,1710435939.0344577
3988,GRADUATE,GRADUATE,GRADUATE,GRADUATE,1710435952.0268881,1710435960.0192776,1710435964.0263832
3676,GRADUATE,DROPOUT,DROPOUT,DROPOUT,1710436000.4013345,1710436004.998165,1710436014.5638478
1,22
2,MALE
3,YES,I am a student of computer engineering
4,7
know,NEUTRAL
rel_5,AGREE
com_5,NEUTRAL
fai_3,NEUTRAL
attention test completed
com_3,AGREE
fai_1,NEUTRAL
rel_1,DISAGREE
fai_2,AGREE
com_1,AGREE
fai_4,DISAGREE
rel_2,NEUTRAL
com_2,AGREE
fai_5,NEUTRAL
