Prolific ID,60f6dc139e58d2688fc34fee
student_id,target,first_choice,ai_pred,second_choice,time1,time2,time3
tutorial_2309,GRADUATE,GRADUATE,GRADUATE,GRADUATE,1710438056.8859499,1710438059.0626404,1710438078.470688
3676,GRADUATE,DROPOUT,DROPOUT,DROPOUT,1710438097.8348079,1710438099.564471,1710438108.7901561
1833,DROPOUT,DROPOUT,DROPOUT,DROPOUT,1710438127.9944115,1710438129.3930545,1710438136.038629
3224,DROPOUT,DROPOUT,GRADUATE,DROPOUT,1710438155.093009,1710438156.6144588,1710438162.0650265
223,GRADUATE,GRADUATE,GRADUATE,GRADUATE,1710438180.3351998,1710438181.8387117,1710438187.522489
533,DROPOUT,DROPOUT,DROPOUT,DROPOUT,1710438215.9972262,1710438218.6146235,1710438228.3547077
3709,DROPOUT,GRADUATE,GRADUATE,GRADUATE,1710438247.642691,1710438249.5167518,1710438255.5768118
attention_2309,attention test failed
1125,GRADUATE,GRADUATE,GRADUATE,GRADUATE,1710438300.9886827,1710438302.9927745,1710438312.674516
68,DROPOUT,DROPOUT,GRADUATE,GRADUATE,1710438344.8445008,1710438346.222385,1710438353.5534945
503,DROPOUT,DROPOUT,DROPOUT,DROPOUT,1710438375.6203048,1710438382.5143228,1710438388.8865
1042,GRADUATE,GRADUATE,GRADUATE,GRADUATE,1710438413.1801424,1710438416.7823672,1710438426.7427554
1,30
2,FEMALE
3,YES,I came in contact with AI through the internet.
4,4
know,STRONGLY AGREE
rel_1,AGREE
rel_5,AGREE
com_3,AGREE
fai_1,AGREE
fai_2,AGREE
fai_3,AGREE
fai_5,AGREE
attention test completed
rel_2,AGREE
com_5,AGREE
com_2,NEUTRAL
fai_4,DISAGREE
com_1,AGREE
