Prolific ID,60accfe06ac6e060a13b4d67
student_id,target,first_choice,ai_pred,second_choice,time1,time2,time3
tutorial_2309,GRADUATE,GRADUATE,GRADUATE,GRADUATE,1710435206.8873982,1710435210.5716825,1710435375.967382
3027,DROPOUT,DROPOUT,DROPOUT,DROPOUT,1710435429.806949,1710435434.5594127,1710435499.871233
2642,DROPOUT,DROPOUT,DROPOUT,DROPOUT,1710435546.2904017,1710435547.9769125,1710435605.7531083
3369,DROPOUT,DROPOUT,DROPOUT,DROPOUT,1710435652.084829,1710435656.133452,1710435716.323333
2980,GRADUATE,GRADUATE,DROPOUT,GRADUATE,1710435753.5169172,1710435755.2301276,1710435825.7063565
3647,DROPOUT,DROPOUT,DROPOUT,DROPOUT,1710435855.9426663,1710435860.5948837,1710435887.316896
2692,GRADUATE,GRADUATE,GRADUATE,GRADUATE,1710435928.0765865,1710435930.6930642,1710435958.760377
attention_2309,attention test completed
503,DROPOUT,DROPOUT,DROPOUT,DROPOUT,1710436068.4380903,1710436069.562915,1710436105.0378373
1050,GRADUATE,DROPOUT,GRADUATE,DROPOUT,1710436127.8603528,1710436129.124759,1710436163.1633117
3207,DROPOUT,DROPOUT,DROPOUT,DROPOUT,1710436194.6272936,1710436195.485748,1710436222.974097
3588,GRADUATE,GRADUATE,GRADUATE,GRADUATE,1710436252.3397348,1710436253.5476987,1710436264.0019133
1,24
2,MALE
3,YES,Through online discussion and news.
4,9
know,STRONGLY AGREE
attention test completed
fai_5,NEUTRAL
com_1,DISAGREE
rel_1,AGREE
com_3,DISAGREE
com_2,DISAGREE
fai_3,DISAGREE
fai_2,DISAGREE
rel_5,AGREE
fai_1,DISAGREE
fai_4,DISAGREE
com_5,STRONGLY AGREE
rel_2,DISAGREE
