Prolific ID,60705fecb5cb5e13149f4649
student_id,target,first_choice,ai_pred,second_choice,time1,time2,time3
tutorial_2309,GRADUATE,GRADUATE,GRADUATE,GRADUATE,1710435413.5250795,1710435422.9767752,1710435554.9610946
533,DROPOUT,GRADUATE,DROPOUT,DROPOUT,1710435646.6783097,1710435651.0737512,1710435675.7206507
1833,DROPOUT,GRADUATE,DROPOUT,GRADUATE,1710435724.1148853,1710435725.9032276,1710435741.7849166
3709,DROPOUT,DROPOUT,GRADUATE,DROPOUT,1710435764.2258987,1710435765.9967988,1710435774.8232782
487,DROPOUT,GRADUATE,DROPOUT,GRADUATE,1710435795.0631175,1710435796.5629046,1710435827.2328548
3647,DROPOUT,DROPOUT,DROPOUT,DROPOUT,1710435866.6623063,1710435867.5717711,1710435883.8007905
3576,GRADUATE,DROPOUT,GRADUATE,DROPOUT,1710435914.149646,1710435915.4630003,1710435933.256215
attention_2309,attention test failed
3245,DROPOUT,GRADUATE,DROPOUT,GRADUATE,1710435985.9437742,1710435989.5572734,1710435993.8731704
2692,GRADUATE,GRADUATE,GRADUATE,GRADUATE,1710436020.2961786,1710436021.069045,1710436025.1589377
503,DROPOUT,GRADUATE,DROPOUT,DROPOUT,1710436047.5702972,1710436050.2162435,1710436084.5459027
3369,DROPOUT,GRADUATE,DROPOUT,DROPOUT,1710436101.4197223,1710436102.4556596,1710436109.5702703
1,0
2,MALE
3,YES,At my work
4,4
know,NEUTRAL
com_1,AGREE
com_3,AGREE
attention test completed
com_5,STRONGLY AGREE
fai_3,STRONGLY AGREE
rel_2,AGREE
rel_1,AGREE
fai_2,DISAGREE
com_2,STRONGLY AGREE
fai_5,AGREE
fai_1,DISAGREE
fai_4,DISAGREE
rel_5,AGREE
