Prolific ID,602fb33786b077cdbad2d5bb
student_id,target,first_choice,ai_pred,second_choice,time1,time2,time3
tutorial_2309,GRADUATE,GRADUATE,GRADUATE,GRADUATE,1710437628.0574472,1710437631.8799021,1710437833.4753444
3224,DROPOUT,GRADUATE,GRADUATE,GRADUATE,1710437952.9868104,1710437954.6080515,1710438032.606862
1409,GRADUATE,GRADUATE,GRADUATE,GRADUATE,1710438092.0394716,1710438093.2705393,1710438127.8149376
1050,GRADUATE,DROPOUT,GRADUATE,GRADUATE,1710438172.1006696,1710438173.7484746,1710438261.3703237
487,DROPOUT,GRADUATE,DROPOUT,DROPOUT,1710438291.4803572,1710438293.2891297,1710438452.3859673
3369,DROPOUT,GRADUATE,DROPOUT,GRADUATE,1710438515.0501933,1710438516.477505,1710438596.4944067
2692,GRADUATE,GRADUATE,GRADUATE,GRADUATE,1710438629.255845,1710438630.8190944,1710438653.9491994
attention_2309,attention test failed
3207,DROPOUT,GRADUATE,DROPOUT,GRADUATE,1710438733.2953367,1710438734.2188678,1710438752.3630345
1833,DROPOUT,GRADUATE,DROPOUT,DROPOUT,1710438793.9361608,1710438794.7950222,1710438816.5680673
262,DROPOUT,DROPOUT,DROPOUT,DROPOUT,1710438840.95493,1710438842.5953753,1710438876.6456442
2980,GRADUATE,GRADUATE,DROPOUT,DROPOUT,1710438899.4313316,1710438900.3429337,1710439039.4653149
1,27
2,FEMALE
3,YES,Chat gpt
4,7
know,NEUTRAL
com_5,AGREE
fai_3,STRONGLY AGREE
com_1,AGREE
fai_4,AGREE
com_3,AGREE
attention test completed
rel_5,STRONGLY AGREE
com_2,AGREE
rel_2,STRONGLY AGREE
fai_5,AGREE
rel_1,STRONGLY AGREE
fai_2,STRONGLY AGREE
fai_1,AGREE
