Prolific ID,6155aae55300ebb347b7a578
student_id,target,first_choice,ai_pred,second_choice,time1,time2,time3
tutorial_2309,GRADUATE,GRADUATE,GRADUATE,GRADUATE,1710435553.5637932,1710435556.9608796,1710435820.7119617
4421,DROPOUT,GRADUATE,DROPOUT,DROPOUT,1710435927.0368402,1710435930.1048543,1710435992.1896992
758,GRADUATE,DROPOUT,GRADUATE,GRADUATE,1710436030.763774,1710436033.5853105,1710436114.2237175
2692,GRADUATE,GRADUATE,GRADUATE,GRADUATE,1710436192.0525973,1710436193.5007052,1710436230.6992295
3027,DROPOUT,DROPOUT,DROPOUT,DROPOUT,1710436268.7730138,1710436270.6947129,1710436280.1737127
3576,GRADUATE,GRADUATE,GRADUATE,GRADUATE,1710436303.1708775,1710436304.0297735,1710436311.44181
3709,DROPOUT,GRADUATE,GRADUATE,GRADUATE,1710436346.043414,1710436347.50241,1710436356.7313013
attention_2309,attention test failed
533,DROPOUT,DROPOUT,DROPOUT,DROPOUT,1710436447.2666564,1710436449.157595,1710436475.670892
3278,DROPOUT,DROPOUT,DROPOUT,DROPOUT,1710436517.0168064,1710436518.6407707,1710436525.2566779
2980,GRADUATE,GRADUATE,DROPOUT,GRADUATE,1710436571.8972256,1710436573.2827249,1710436582.0003943
1050,GRADUATE,DROPOUT,GRADUATE,GRADUATE,1710436610.5079155,1710436611.9841077,1710436631.2291052
1,24
2,MALE
3,YES,yes
4,6
know,STRONGLY AGREE
fai_5,NEUTRAL
rel_2,NEUTRAL
fai_3,NEUTRAL
com_3,AGREE
fai_4,NEUTRAL
com_1,NEUTRAL
attention test completed
rel_1,DISAGREE
com_5,AGREE
com_2,AGREE
rel_5,DISAGREE
fai_2,DISAGREE
fai_1,DISAGREE
