Prolific ID,6106e9f1880fb0b44c319ced
student_id,target,first_choice,ai_pred,second_choice,time1,time2,time3
tutorial_2309,GRADUATE,GRADUATE,GRADUATE,GRADUATE,1710435271.1810784,1710435272.4731538,1710436027.7998495
2642,DROPOUT,DROPOUT,DROPOUT,DROPOUT,1710436054.0952966,1710436056.9968994,1710436069.7136915
3709,DROPOUT,GRADUATE,GRADUATE,GRADUATE,1710436087.193005,1710436088.6562784,1710436096.7066848
3647,DROPOUT,DROPOUT,DROPOUT,DROPOUT,1710436107.062635,1710436109.993028,1710436118.2658255
4421,DROPOUT,GRADUATE,DROPOUT,DROPOUT,1710436125.8030987,1710436127.2974203,1710436135.2624834
1833,DROPOUT,GRADUATE,DROPOUT,DROPOUT,1710436141.6557698,1710436145.58934,1710436151.501166
3278,DROPOUT,DROPOUT,DROPOUT,DROPOUT,1710436172.9363565,1710436173.5644524,1710436177.6301503
attention_2309,attention test failed
66,GRADUATE,DROPOUT,GRADUATE,DROPOUT,1710436193.8365471,1710436194.3468924,1710436197.3590183
3151,DROPOUT,DROPOUT,DROPOUT,DROPOUT,1710436202.7467525,1710436203.1850905,1710436209.054601
4107,DROPOUT,GRADUATE,GRADUATE,GRADUATE,1710436217.5009537,1710436218.5386915,1710436222.2661345
487,DROPOUT,GRADUATE,DROPOUT,GRADUATE,1710436229.3788776,1710436229.9121277,1710436235.129066
1,22
2,FEMALE
3,YES,in my studies
4,10
know,AGREE
com_3,AGREE
fai_4,AGREE
com_5,AGREE
rel_2,AGREE
rel_1,AGREE
fai_5,NEUTRAL
com_1,AGREE
fai_1,AGREE
com_2,AGREE
fai_3,NEUTRAL
fai_2,NEUTRAL
attention test completed
rel_5,NEUTRAL
