Prolific ID,6100435ef3a9e957f25abd0a
student_id,target,first_choice,ai_pred,second_choice,time1,time2,time3
tutorial_2309,GRADUATE,GRADUATE,GRADUATE,GRADUATE,1710435627.3055758,1710435633.454956,1710435897.615315
2980,GRADUATE,DROPOUT,DROPOUT,DROPOUT,1710436029.6244614,1710436034.8603625,1710436214.982399
1042,GRADUATE,DROPOUT,GRADUATE,DROPOUT,1710436319.7263417,1710436326.9247198,1710436447.5741324
3151,DROPOUT,DROPOUT,DROPOUT,DROPOUT,1710436500.9176505,1710436514.180477,1710436541.8163643
2358,GRADUATE,GRADUATE,GRADUATE,GRADUATE,1710436628.7376306,1710436631.7847395,1710436690.8545246
2692,GRADUATE,GRADUATE,GRADUATE,GRADUATE,1710436700.391171,1710436756.9349432,1710436775.1014683
1833,DROPOUT,GRADUATE,DROPOUT,GRADUATE,1710436846.090415,1710436848.8013842,1710436868.0432982
attention_2309,attention test failed
3245,DROPOUT,GRADUATE,DROPOUT,GRADUATE,1710436937.626924,1710436940.8472848,1710436960.8956487
2609,DROPOUT,DROPOUT,DROPOUT,DROPOUT,1710436971.7395086,1710436973.2451324,1710436986.3952389
3988,GRADUATE,DROPOUT,GRADUATE,DROPOUT,1710437068.7152274,1710437075.2321367,1710437101.0319934
4421,DROPOUT,GRADUATE,DROPOUT,GRADUATE,1710437134.4944887,1710437136.2272062,1710437150.478362
1,25
2,FEMALE
3,YES,Through Tiktok
4,8
know,NEUTRAL
rel_5,NEUTRAL
fai_3,DISAGREE
com_5,AGREE
com_1,NEUTRAL
fai_4,DISAGREE
rel_1,NEUTRAL
com_3,DISAGREE
fai_5,NEUTRAL
com_2,NEUTRAL
rel_2,NEUTRAL
fai_1,DISAGREE
fai_2,STRONGLY DISAGREE
attention test completed
