Prolific ID,6128f7c06a0eba3378ffb1c3
student_id,target,first_choice,ai_pred,second_choice,time1,time2,time3
tutorial_2309,GRADUATE,GRADUATE,GRADUATE,GRADUATE,1710435271.517149,1710435273.6718676,1710435424.609298
3709,DROPOUT,DROPOUT,GRADUATE,DROPOUT,1710435455.1594262,1710435459.2683346,1710435530.3967764
223,GRADUATE,GRADUATE,GRADUATE,GRADUATE,1710435587.2597692,1710435593.2649293,1710435600.7232077
3369,DROPOUT,DROPOUT,DROPOUT,DROPOUT,1710435659.1220005,1710435665.2050807,1710435687.739305
3576,GRADUATE,DROPOUT,GRADUATE,DROPOUT,1710435724.4025733,1710435728.1178331,1710435765.8481185
68,DROPOUT,GRADUATE,GRADUATE,GRADUATE,1710435811.1803155,1710435813.9389017,1710435849.662305
3278,DROPOUT,GRADUATE,DROPOUT,DROPOUT,1710435892.692241,1710435896.1848195,1710435922.4295042
attention_2309,attention test failed
3988,GRADUATE,GRADUATE,GRADUATE,GRADUATE,1710435989.5429573,1710435990.8872223,1710436015.0988195
2980,GRADUATE,GRADUATE,DROPOUT,DROPOUT,1710436033.7291222,1710436037.9713538,1710436091.0660336
3588,GRADUATE,GRADUATE,GRADUATE,GRADUATE,1710436107.2147374,1710436109.8376427,1710436118.6841445
487,DROPOUT,GRADUATE,DROPOUT,GRADUATE,1710436152.1468341,1710436153.8543417,1710436241.5267255
1,33
2,FEMALE
3,YES,chatGPT
4,7
know,NEUTRAL
fai_2,DISAGREE
fai_3,AGREE
attention test completed
com_3,NEUTRAL
com_2,AGREE
fai_4,DISAGREE
rel_2,AGREE
com_1,AGREE
rel_5,AGREE
com_5,STRONGLY AGREE
fai_5,NEUTRAL
rel_1,NEUTRAL
fai_1,DISAGREE
