Prolific ID,612fc7df388a82347ab9fa25
student_id,target,first_choice,ai_pred,second_choice,time1,time2,time3
tutorial_2309,GRADUATE,GRADUATE,GRADUATE,DROPOUT,1710435337.4365299,1710435340.9099002,1710435609.8511229
533,DROPOUT,DROPOUT,DROPOUT,DROPOUT,1710435690.6210537,1710435711.441114,1710435827.985181
4421,DROPOUT,GRADUATE,DROPOUT,GRADUATE,1710435908.7901978,1710435910.5514858,1710435935.4394393
3647,DROPOUT,DROPOUT,DROPOUT,DROPOUT,1710435964.8307168,1710435966.000159,1710435974.5209162
3988,GRADUATE,DROPOUT,GRADUATE,DROPOUT,1710435999.433173,1710436002.2865164,1710436016.355593
3709,DROPOUT,GRADUATE,GRADUATE,GRADUATE,1710436036.2794185,1710436039.7979925,1710436055.9189699
3576,GRADUATE,GRADUATE,GRADUATE,GRADUATE,1710436089.0763304,1710436092.6827881,1710436103.5863307
attention_2309,attention test failed
66,GRADUATE,DROPOUT,GRADUATE,DROPOUT,1710436236.8733835,1710436238.4953425,1710436248.2982996
1833,DROPOUT,GRADUATE,DROPOUT,DROPOUT,1710436622.3027751,1710436625.573934,1710436635.2100067
503,DROPOUT,GRADUATE,DROPOUT,GRADUATE,1710436649.8286314,1710436651.0135553,1710436658.3540008
3207,DROPOUT,GRADUATE,DROPOUT,GRADUATE,1710436680.4680626,1710436682.0612524,1710436688.2908213
1,28
2,MALE
3,YES,PROCESS AT WORK
4,7
know,AGREE
com_5,AGREE
fai_4,NEUTRAL
com_1,AGREE
fai_1,AGREE
fai_3,AGREE
rel_2,AGREE
rel_1,AGREE
com_2,AGREE
rel_5,NEUTRAL
fai_5,STRONGLY AGREE
com_3,AGREE
fai_2,NEUTRAL
attention test completed
Prolific ID,612fc7df388a82347ab9fa25
student_id,target,first_choice,ai_pred,second_choice,time1,time2,time3
