Prolific ID,615721e948c0c39df53e6f2d
student_id,target,first_choice,ai_pred,second_choice,time1,time2,time3
tutorial_2309,GRADUATE,GRADUATE,GRADUATE,GRADUATE,1710435428.8866577,1710435431.3299131,1710435613.7460866
2358,GRADUATE,GRADUATE,GRADUATE,GRADUATE,1710435692.2675805,1710435694.961876,1710435711.8846006
223,GRADUATE,GRADUATE,GRADUATE,GRADUATE,1710435754.1728554,1710435755.992248,1710435773.2553065
3151,DROPOUT,DROPOUT,DROPOUT,DROPOUT,1710435834.759472,1710435836.690518,1710435844.437802
872,GRADUATE,GRADUATE,DROPOUT,GRADUATE,1710435858.3486674,1710435860.4392543,1710435927.3701727
2692,GRADUATE,DROPOUT,GRADUATE,GRADUATE,1710435957.1535814,1710435957.8648696,1710435974.9416196
758,GRADUATE,GRADUATE,GRADUATE,GRADUATE,1710436002.2841268,1710436004.5850813,1710436017.2002904
attention_2309,attention test failed
1125,GRADUATE,GRADUATE,GRADUATE,GRADUATE,1710436069.8621988,1710436071.70531,1710436085.0172143
1050,GRADUATE,DROPOUT,GRADUATE,DROPOUT,1710436090.9200232,1710436093.9222713,1710436132.9564204
1833,DROPOUT,DROPOUT,DROPOUT,DROPOUT,1710436142.1650615,1710436144.888089,1710436150.275229
2870,GRADUATE,GRADUATE,GRADUATE,GRADUATE,1710436168.157697,1710436169.5974193,1710436173.8220453
1,22
2,FEMALE
3,YES,University 
4,8
know,AGREE
com_1,DISAGREE
com_3,AGREE
fai_2,DISAGREE
rel_1,DISAGREE
fai_4,DISAGREE
com_5,DISAGREE
fai_5,DISAGREE
com_2,AGREE
fai_3,DISAGREE
attention test completed
rel_2,DISAGREE
rel_5,AGREE
fai_1,NEUTRAL
