Prolific ID,613a813c6bca8a060ef96b9b
student_id,target,first_choice,ai_pred,second_choice,time1,time2,time3
tutorial_2309,GRADUATE,GRADUATE,GRADUATE,GRADUATE,1710435355.3609488,1710435358.5450482,1710435680.247451
3027,DROPOUT,GRADUATE,DROPOUT,GRADUATE,1710435767.7729995,1710435769.8517494,1710435854.8713121
2692,GRADUATE,GRADUATE,GRADUATE,GRADUATE,1710436050.514224,1710436054.4690826,1710436113.4666357
2358,GRADUATE,GRADUATE,GRADUATE,GRADUATE,1710436174.3698328,1710436176.6382227,1710436187.8768916
2609,DROPOUT,DROPOUT,DROPOUT,DROPOUT,1710436785.964414,1710436786.8145344,1710436798.2369947
1125,GRADUATE,GRADUATE,GRADUATE,GRADUATE,1710436835.718736,1710436836.4618793,1710436840.1304648
1409,GRADUATE,GRADUATE,GRADUATE,GRADUATE,1710436883.3728788,1710436883.9015603,1710436890.6809306
attention_2309,attention test failed
872,GRADUATE,GRADUATE,DROPOUT,GRADUATE,1710436970.0072508,1710436970.5482614,1710437051.8789883
3576,GRADUATE,GRADUATE,GRADUATE,GRADUATE,1710437094.8686635,1710437095.440115,1710437100.0189323
66,GRADUATE,DROPOUT,GRADUATE,DROPOUT,1710437150.3838918,1710437151.4325018,1710437244.136945
3207,DROPOUT,GRADUATE,DROPOUT,GRADUATE,1710437289.9269168,1710437291.0376568,1710437303.4970665
1,25
2,MALE
3,YES,Information and articles on the internet as well as a couple of AI tools and apps
4,6
know,STRONGLY AGREE
com_3,AGREE
fai_3,NEUTRAL
fai_2,DISAGREE
fai_1,DISAGREE
com_1,AGREE
com_5,AGREE
fai_4,DISAGREE
com_2,NEUTRAL
fai_5,DISAGREE
attention test completed
rel_1,NEUTRAL
rel_2,AGREE
rel_5,AGREE
