Prolific ID,6166e8f5ac6f9f2f58f5744c
student_id,target,first_choice,ai_pred,second_choice,time1,time2,time3
tutorial_2309,GRADUATE,GRADUATE,GRADUATE,GRADUATE,1710435256.6814628,1710435261.178195,1710435401.7547646
1042,GRADUATE,GRADUATE,GRADUATE,GRADUATE,1710435640.7006495,1710435644.8815846,1710435905.6623113
Prolific ID,6166e8f5ac6f9f2f58f5744c
student_id,target,first_choice,ai_pred,second_choice,time1,time2,time3
Prolific ID,6166e8f5ac6f9f2f58f5744c
student_id,target,first_choice,ai_pred,second_choice,time1,time2,time3
tutorial_2309,GRADUATE,GRADUATE,GRADUATE,GRADUATE,1710436438.0186465,1710436439.6638432,1710436465.5756876
3988,GRADUATE,GRADUATE,GRADUATE,GRADUATE,1710436489.1649168,1710436497.1300452,1710436606.4687765
3588,GRADUATE,GRADUATE,GRADUATE,DROPOUT,1710436641.958502,1710436643.7820807,1710436686.6686215
3207,DROPOUT,DROPOUT,DROPOUT,GRADUATE,1710436697.3056974,1710436700.9278193,1710436720.6173031
2692,GRADUATE,GRADUATE,GRADUATE,GRADUATE,1710436728.7967713,1710436732.0261416,1710436771.535379
629,GRADUATE,GRADUATE,GRADUATE,DROPOUT,1710436783.1209145,1710436785.1582663,1710436987.2684667
2609,DROPOUT,DROPOUT,DROPOUT,DROPOUT,1710436993.4388628,1710436994.817187,1710437022.060756
attention_2309,attention test failed
3647,DROPOUT,DROPOUT,DROPOUT,GRADUATE,1710437075.0455368,1710437083.6610222,1710437098.736337
1833,DROPOUT,GRADUATE,DROPOUT,GRADUATE,1710437111.9676144,1710437113.5607595,1710437125.2258468
223,GRADUATE,DROPOUT,GRADUATE,GRADUATE,1710437146.317724,1710437149.708402,1710437167.7669437
1050,GRADUATE,GRADUATE,GRADUATE,GRADUATE,1710437183.137566,1710437185.4830406,1710437199.0375702
1,26
2,MALE
3,YES,Chat GPT
4,4
know,AGREE
fai_4,NEUTRAL
rel_2,AGREE
fai_5,NEUTRAL
rel_1,NEUTRAL
fai_3,NEUTRAL
com_3,AGREE
com_2,AGREE
fai_2,AGREE
rel_5,NEUTRAL
attention test completed
fai_1,NEUTRAL
com_5,STRONGLY AGREE
com_1,AGREE
