Prolific ID,611a9d0b0bd151b4eba53b6e
student_id,target,first_choice,ai_pred,second_choice,time1,time2,time3
tutorial_2309,GRADUATE,GRADUATE,GRADUATE,GRADUATE,1710435072.5456967,1710435074.2465355,1710435115.551706
2870,GRADUATE,GRADUATE,GRADUATE,GRADUATE,1710435154.4069653,1710435155.0837572,1710435164.9568837
3988,GRADUATE,GRADUATE,GRADUATE,GRADUATE,1710435208.6828964,1710435209.284903,1710435223.8214037
2642,DROPOUT,DROPOUT,DROPOUT,DROPOUT,1710435250.1881938,1710435251.1408744,1710435258.184201
2609,DROPOUT,DROPOUT,DROPOUT,DROPOUT,1710435311.2343233,1710435311.9007645,1710435320.0241723
3224,DROPOUT,DROPOUT,GRADUATE,GRADUATE,1710435358.238901,1710435359.8848865,1710435366.409627
1042,GRADUATE,GRADUATE,GRADUATE,GRADUATE,1710435391.9519005,1710435393.2777395,1710435400.373596
attention_2309,attention test failed
503,DROPOUT,GRADUATE,DROPOUT,DROPOUT,1710435464.4638972,1710435465.6507292,1710435487.3570368
3676,GRADUATE,DROPOUT,DROPOUT,DROPOUT,1710435518.7696912,1710435524.39154,1710435534.7887144
3588,GRADUATE,GRADUATE,GRADUATE,GRADUATE,1710435550.5887804,1710435552.6676617,1710435558.6355133
3207,DROPOUT,GRADUATE,DROPOUT,GRADUATE,1710435580.0821075,1710435583.1027927,1710435593.269814
1,21
2,MALE
3,YES,I use it for school and work.
4,8
know,AGREE
fai_4,NEUTRAL
fai_3,DISAGREE
com_2,AGREE
fai_5,DISAGREE
attention test completed
rel_5,AGREE
fai_2,AGREE
com_5,STRONGLY AGREE
com_1,NEUTRAL
com_3,STRONGLY DISAGREE
rel_1,AGREE
rel_2,AGREE
fai_1,AGREE
