Prolific ID,64d3a84f1de6820d7ad2e336
student_id,target,first_choice,ai_pred,second_choice,time1,time2,time3
tutorial_2309,GRADUATE,GRADUATE,GRADUATE,GRADUATE,1710435165.3895535,1710435167.1154394,1710435250.547848
503,DROPOUT,DROPOUT,DROPOUT,DROPOUT,1710435316.8806334,1710435317.7255015,1710435351.427892
629,GRADUATE,GRADUATE,GRADUATE,GRADUATE,1710435396.5193338,1710435397.7898147,1710435419.9283469
2980,GRADUATE,GRADUATE,DROPOUT,GRADUATE,1710435445.2935014,1710435446.1725035,1710435485.2095358
1042,GRADUATE,GRADUATE,GRADUATE,GRADUATE,1710435521.9326048,1710435524.7308958,1710435547.3744693
758,GRADUATE,GRADUATE,GRADUATE,GRADUATE,1710435568.5278487,1710435571.244943,1710435580.223784
3207,DROPOUT,GRADUATE,DROPOUT,GRADUATE,1710435617.4527705,1710435619.0070856,1710435634.8112357
attention_2309,attention test failed
3224,DROPOUT,GRADUATE,GRADUATE,GRADUATE,1710435705.693605,1710435708.6476402,1710435724.8016427
1125,GRADUATE,GRADUATE,GRADUATE,GRADUATE,1710435743.472449,1710435746.0374854,1710435758.8139544
3576,GRADUATE,GRADUATE,GRADUATE,GRADUATE,1710435779.848973,1710435781.6074162,1710435794.452139
4421,DROPOUT,GRADUATE,DROPOUT,DROPOUT,1710435813.7841153,1710435819.5901444,1710435859.6053252
1,24
2,MALE
3,YES,I study Ai in my masters degree
4,10
know,AGREE
fai_5,AGREE
com_1,NEUTRAL
rel_2,NEUTRAL
fai_4,NEUTRAL
com_2,AGREE
fai_3,AGREE
fai_1,NEUTRAL
com_3,NEUTRAL
fai_2,DISAGREE
attention test completed
rel_5,AGREE
rel_1,NEUTRAL
com_5,AGREE
