Prolific ID,647df23a62de26114fdcb29c
student_id,target,first_choice,ai_pred,second_choice,time1,time2,time3
tutorial_2309,GRADUATE,GRADUATE,GRADUATE,GRADUATE,1710436264.420917,1710436268.0720618,1710436460.7000165
3676,GRADUATE,DROPOUT,DROPOUT,DROPOUT,1710436536.6896033,1710436540.6956806,1710436643.6386175
3709,DROPOUT,DROPOUT,GRADUATE,GRADUATE,1710436713.8211195,1710436715.1109645,1710436794.295555
3224,DROPOUT,DROPOUT,GRADUATE,GRADUATE,1710436843.5090468,1710436848.6456213,1710436921.1814928
68,DROPOUT,GRADUATE,GRADUATE,GRADUATE,1710436971.835408,1710436974.6003134,1710437041.3132513
3027,DROPOUT,GRADUATE,DROPOUT,DROPOUT,1710437092.1823845,1710437093.752977,1710437159.0806077
2870,GRADUATE,GRADUATE,GRADUATE,GRADUATE,1710437204.3671494,1710437205.8363516,1710437280.353891
attention_2309,attention test completed
4107,DROPOUT,GRADUATE,GRADUATE,GRADUATE,1710437419.2016666,1710437420.0957663,1710437458.8470573
3588,GRADUATE,GRADUATE,GRADUATE,GRADUATE,1710437485.3774998,1710437486.4983807,1710437532.3560684
758,GRADUATE,GRADUATE,GRADUATE,GRADUATE,1710437562.6433887,1710437563.4110942,1710437595.259476
1042,GRADUATE,GRADUATE,GRADUATE,GRADUATE,1710437656.637204,1710437657.338186,1710437718.9011912
1,36
2,MALE
3,YES,I have used generative AI to create texts and images.
4,8
know,AGREE
fai_1,STRONGLY AGREE
com_1,STRONGLY AGREE
attention test completed
fai_5,NEUTRAL
rel_2,AGREE
com_3,AGREE
rel_5,STRONGLY AGREE
rel_1,AGREE
com_2,STRONGLY AGREE
fai_3,AGREE
com_5,AGREE
fai_4,NEUTRAL
fai_2,AGREE
