Prolific ID,647e5f4c5b7dfbc365335f72
student_id,target,first_choice,ai_pred,second_choice,time1,time2,time3
tutorial_2309,GRADUATE,GRADUATE,GRADUATE,GRADUATE,1710440495.665897,1710440496.4848595,1710440550.0455136
1409,GRADUATE,GRADUATE,GRADUATE,GRADUATE,1710440555.2899213,1710440555.8933628,1710440559.24577
2642,DROPOUT,GRADUATE,DROPOUT,DROPOUT,1710440561.4682398,1710440562.453682,1710440567.6297603
487,DROPOUT,GRADUATE,DROPOUT,GRADUATE,1710440571.9438071,1710440572.9114983,1710440579.6539528
533,DROPOUT,DROPOUT,DROPOUT,DROPOUT,1710440588.8055646,1710440589.381747,1710440592.1499622
3988,GRADUATE,GRADUATE,GRADUATE,GRADUATE,1710440597.5006213,1710440598.205707,1710440600.8299239
758,GRADUATE,GRADUATE,GRADUATE,GRADUATE,1710440604.6664748,1710440605.3898032,1710440608.870256
attention_2309,attention test failed
attention_2309,attention test failed
3207,DROPOUT,DROPOUT,DROPOUT,DROPOUT,1710440621.918463,1710440622.414709,1710440625.0218503
629,GRADUATE,DROPOUT,GRADUATE,DROPOUT,1710440630.1328366,1710440630.6229007,1710440633.2016554
872,GRADUATE,DROPOUT,DROPOUT,DROPOUT,1710440639.2063913,1710440639.7183442,1710440643.2459147
1,54
2,FEMALE
3,YES,on a regular basis in workplace
4,8
know,AGREE
com_5,AGREE
fai_3,AGREE
fai_1,AGREE
com_2,AGREE
fai_4,AGREE
com_3,AGREE
fai_2,DISAGREE
attention test completed
com_1,AGREE
fai_5,AGREE
rel_1,AGREE
rel_5,AGREE
rel_2,AGREE
