Prolific ID,65e73f2249c9db4b8f386efc
student_id,target,first_choice,ai_pred,second_choice,time1,time2,time3
tutorial_2309,GRADUATE,GRADUATE,GRADUATE,DROPOUT,1710435589.3632457,1710435628.7207406,1710436187.3406835
66,GRADUATE,DROPOUT,GRADUATE,DROPOUT,1710436316.392916,1710436319.740174,1710436442.46694
629,GRADUATE,DROPOUT,GRADUATE,DROPOUT,1710436681.1919456,1710436682.193632,1710436740.826531
3027,DROPOUT,DROPOUT,DROPOUT,DROPOUT,1710436822.899305,1710436823.7975087,1710436854.933532
503,DROPOUT,GRADUATE,DROPOUT,DROPOUT,1710436912.871143,1710436913.801546,1710436923.3074682
487,DROPOUT,DROPOUT,DROPOUT,DROPOUT,1710436986.6090364,1710436988.4842653,1710436992.7413895
872,GRADUATE,GRADUATE,DROPOUT,DROPOUT,1710437013.657689,1710437014.6490724,1710437021.9674761
attention_2309,attention test failed
3224,DROPOUT,GRADUATE,GRADUATE,GRADUATE,1710437080.082658,1710437098.934365,1710437103.8918085
4107,DROPOUT,GRADUATE,GRADUATE,GRADUATE,1710437144.8405166,1710437145.8980286,1710437149.5226042
3278,DROPOUT,DROPOUT,DROPOUT,DROPOUT,1710437166.2988412,1710437167.1573396,1710437170.8936746
3576,GRADUATE,DROPOUT,GRADUATE,GRADUATE,1710437202.3456702,1710437204.098869,1710437208.9714193
1,33
2,FEMALE
3,NO,
4,9
know,NEUTRAL
fai_2,AGREE
rel_1,DISAGREE
fai_3,DISAGREE
attention test completed
com_3,AGREE
rel_2,NEUTRAL
fai_4,DISAGREE
com_5,NEUTRAL
fai_5,DISAGREE
com_1,DISAGREE
com_2,NEUTRAL
fai_1,DISAGREE
rel_5,NEUTRAL
