Prolific ID,65de5701fbc3bd908e641517
student_id,target,first_choice,ai_pred,second_choice,time1,time2,time3
tutorial_2309,GRADUATE,GRADUATE,GRADUATE,GRADUATE,1710435241.5608592,1710435247.4339116,1710435410.414545
2642,DROPOUT,DROPOUT,DROPOUT,DROPOUT,1710435499.8735216,1710435503.0783734,1710435609.2470438
66,GRADUATE,GRADUATE,GRADUATE,GRADUATE,1710435699.8548594,1710435701.7410638,1710435752.377873
487,DROPOUT,GRADUATE,DROPOUT,GRADUATE,1710435814.3849866,1710435820.2728393,1710435877.015791
872,GRADUATE,GRADUATE,DROPOUT,DROPOUT,1710435931.889872,1710435933.3778102,1710435993.7554383
3224,DROPOUT,DROPOUT,GRADUATE,DROPOUT,1710436030.7570972,1710436032.7777262,1710436091.21708
3027,DROPOUT,DROPOUT,DROPOUT,DROPOUT,1710436143.0283113,1710436144.1372583,1710436172.788175
attention_2309,attention test completed
3676,GRADUATE,DROPOUT,DROPOUT,DROPOUT,1710436310.718604,1710436312.0183847,1710436352.2585113
262,DROPOUT,GRADUATE,DROPOUT,GRADUATE,1710436402.7169147,1710436404.6784112,1710436465.0452037
2980,GRADUATE,GRADUATE,DROPOUT,GRADUATE,1710436500.3287945,1710436501.6861372,1710436559.2967992
3207,DROPOUT,DROPOUT,DROPOUT,GRADUATE,1710436612.2327988,1710436613.2864037,1710436646.795947
1,30
2,FEMALE
3,YES,Chat GPT
4,9
know,NEUTRAL
rel_5,STRONGLY AGREE
attention test completed
fai_4,STRONGLY DISAGREE
fai_2,STRONGLY DISAGREE
com_1,NEUTRAL
rel_2,AGREE
com_5,STRONGLY AGREE
fai_5,STRONGLY DISAGREE
com_3,NEUTRAL
fai_3,DISAGREE
com_2,AGREE
fai_1,DISAGREE
rel_1,DISAGREE
