Prolific ID,659c22fab275d3a7de69e4ee
student_id,target,first_choice,ai_pred,second_choice,time1,time2,time3
tutorial_2309,GRADUATE,GRADUATE,GRADUATE,GRADUATE,1710435443.6091402,1710435449.7179058,1710435629.3007276
3245,DROPOUT,GRADUATE,DROPOUT,DROPOUT,1710435744.7997606,1710435748.218755,1710435871.861754
262,DROPOUT,DROPOUT,DROPOUT,DROPOUT,1710435983.9523997,1710435989.027065,1710436086.658855
3647,DROPOUT,DROPOUT,DROPOUT,DROPOUT,1710436122.8701541,1710436125.1446354,1710436177.853772
2609,DROPOUT,DROPOUT,DROPOUT,DROPOUT,1710436231.731656,1710436235.3490152,1710436311.2901337
872,GRADUATE,GRADUATE,DROPOUT,DROPOUT,1710436382.1152694,1710436390.2361627,1710436454.5947318
66,GRADUATE,DROPOUT,GRADUATE,DROPOUT,1710436473.4265034,1710436475.9119344,1710436549.620633
attention_2309,attention test completed
533,DROPOUT,GRADUATE,DROPOUT,DROPOUT,1710436729.3172042,1710436730.972165,1710436786.266746
3988,GRADUATE,GRADUATE,GRADUATE,GRADUATE,1710436823.8964565,1710436825.5645256,1710436913.9115279
223,GRADUATE,GRADUATE,GRADUATE,GRADUATE,1710436953.879273,1710436956.1153662,1710437019.6056108
629,GRADUATE,GRADUATE,GRADUATE,GRADUATE,1710437052.879128,1710437054.9762204,1710437120.2022605
1,20
2,FEMALE
3,YES,surveys, social media
4,8
know,AGREE
fai_2,NEUTRAL
com_1,AGREE
com_2,AGREE
fai_1,AGREE
attention test completed
fai_4,DISAGREE
rel_1,AGREE
com_3,AGREE
fai_5,AGREE
rel_5,AGREE
fai_3,NEUTRAL
com_5,AGREE
rel_2,AGREE
