Prolific ID,651aca8c8817e41906afd197
student_id,target,first_choice,ai_pred,second_choice,time1,time2,time3
tutorial_2309,GRADUATE,GRADUATE,GRADUATE,GRADUATE,1710435230.0191505,1710435234.1099632,1710435304.8049266
2870,GRADUATE,GRADUATE,GRADUATE,GRADUATE,1710435348.7591343,1710435353.3008482,1710435377.4693098
629,GRADUATE,DROPOUT,GRADUATE,DROPOUT,1710435412.0124097,1710435416.2988873,1710435442.5934167
487,DROPOUT,DROPOUT,DROPOUT,DROPOUT,1710435456.749971,1710435459.141477,1710435471.6147845
3224,DROPOUT,DROPOUT,GRADUATE,GRADUATE,1710435488.9748647,1710435493.306212,1710435512.525581
3709,DROPOUT,GRADUATE,GRADUATE,GRADUATE,1710435528.8840668,1710435531.380507,1710435543.5428483
2692,GRADUATE,GRADUATE,GRADUATE,GRADUATE,1710435556.6711876,1710435559.7039423,1710435573.6493378
attention_2309,attention test failed
3278,DROPOUT,DROPOUT,DROPOUT,DROPOUT,1710435625.5331662,1710435627.9864264,1710435639.5364087
3151,DROPOUT,DROPOUT,DROPOUT,DROPOUT,1710435653.1802282,1710435658.735788,1710435668.1669204
3027,DROPOUT,DROPOUT,DROPOUT,DROPOUT,1710435677.2694218,1710435679.4690762,1710435686.2975156
1833,DROPOUT,DROPOUT,DROPOUT,DROPOUT,1710435698.220912,1710435700.6034057,1710435710.9846458
1,24
2,FEMALE
3,YES,Tik tok
4,9
know,AGREE
attention test completed
fai_2,AGREE
fai_1,NEUTRAL
com_3,AGREE
rel_2,AGREE
fai_3,AGREE
com_5,AGREE
com_2,AGREE
rel_5,AGREE
fai_4,NEUTRAL
com_1,AGREE
rel_1,AGREE
fai_5,NEUTRAL
